rank_integrado,mirna,score_integrado,score_sequencial,score_expressao,suporte_recorrencia_referencias,features_expressao,direcao_doente_vs_saudavel,log2_fc_doente_vs_saudavel,auc_univariada_doente,auc_direcional_absoluta,cohen_d_log1p,media_doente,media_saudavel,mediana_doente,mediana_saudavel,pct_doentes_maior_que_zero,pct_saudaveis_maior_que_zero,marcadores_referencia_mais_proximos,motifs_compartilhados
1,let-7f-5p,0.794737,0.617935,1.000000,0.666667,hsa-let-7f-1; hsa-let-7f-2,maior_em_doentes,12.062925,1.000000,1.000000,15.307726,4277.606401,0.000000,2966.533353,0.000000,100.00,0.00,let-7a-5p:0.906; let-7b-5p:0.710; mir-20a-5p:0.603,
2,mir-106b-5p,0.792679,0.613361,1.000000,0.666667,hsa-mir-106b,maior_em_doentes,9.688397,1.000000,1.000000,12.705257,824.083848,0.000000,497.286989,0.000000,100.00,0.00,mir-106a-5p:0.753; mir-17-5p:0.750; mir-20a-5p:0.689,
3,mir-103a-3p,0.775306,0.516736,0.983943,1.000000,hsa-mir-103a-1; hsa-mir-103a-2,maior_em_doentes,12.900590,1.000000,1.000000,17.680775,9869.295740,0.290819,8307.149947,0.155272,100.00,58.03,mir-195-5p:0.631; mir-497-5p:0.572; mir-16-5p:0.568,
4,let-7c-5p,0.774933,0.629712,0.944212,0.666667,hsa-let-7c,maior_em_doentes,9.102714,1.000000,1.000000,6.594821,3425.419230,5.232331,2336.605702,3.618431,100.00,77.89,let-7a-5p:0.914; let-7b-5p:0.898; mir-34a-5p:0.550,
5,mir-486-5p,0.764545,0.478559,0.998208,1.000000,hsa-mir-486-1; hsa-mir-486-2,maior_em_doentes,8.770686,0.998506,0.998506,2.607691,435.756728,0.000000,17.766237,0.000000,99.70,0.00,mir-125a-5p:0.587; mir-125b-5p:0.568; mir-92a-3p:0.492,
6,mir-34a-3p,0.759049,0.464553,1.000000,1.000000,hsa-mir-34a,maior_em_doentes,8.031305,1.000000,1.000000,9.159701,260.615707,0.000000,143.518405,0.000000,100.00,0.00,mir-191-5p:0.493; mir-195-5p:0.466; mir-19a-3p:0.450,
7,let-7i-5p,0.753082,0.631641,0.893725,0.666667,hsa-let-7i,menor_em_doentes,-4.903892,0.005229,0.994771,-4.696776,1171.854454,35111.574473,535.274821,28725.820809,100.00,100.00,let-7b-5p:0.803; let-7a-5p:0.790; mir-93-5p:0.654,
8,mir-200b-3p,0.752338,0.492922,0.956717,1.000000,hsa-mir-200b,maior_em_doentes,4.493332,0.977685,0.977685,2.885718,1016.915154,44.194328,663.815756,1.067284,100.00,58.25,mir-200a-3p:0.530; mir-155-5p:0.521; mir-365a-3p:0.459,
9,mir-106b-3p,0.749011,0.516320,1.000000,0.666667,hsa-mir-106b,maior_em_doentes,9.688397,1.000000,1.000000,12.705257,824.083848,0.000000,497.286989,0.000000,100.00,0.00,mir-92a-3p:0.575; mir-497-5p:0.534; mir-210-3p:0.530,
10,mir-200b-5p,0.747434,0.482025,0.956717,1.000000,hsa-mir-200b,maior_em_doentes,4.493332,0.977685,0.977685,2.885718,1016.915154,44.194328,663.815756,1.067284,100.00,58.25,mir-195-5p:0.519; mir-497-5p:0.501; mir-31-5p:0.491,
11,mir-29b-3p,0.744987,0.553055,0.880249,1.000000,hsa-mir-29b-1,maior_em_doentes,4.022588,0.974952,0.974952,2.963235,324.930888,19.054230,238.373663,9.705717,100.00,94.85,mir-195-5p:0.543; mir-223-3p:0.524; mir-497-5p:0.506,
12,mir-106a-3p,0.736372,0.489121,0.999113,0.666667,hsa-mir-106a,maior_em_doentes,5.263338,0.999261,0.999261,3.749302,38.742170,0.034735,13.747470,0.000000,99.93,5.90,mir-19a-3p:0.495; mir-25-3p:0.472; mir-19b-3p:0.459,
13,let-7g-5p,0.736138,0.608726,0.878989,0.666667,hsa-let-7g,menor_em_doentes,-4.044901,0.017509,0.982491,-4.157376,1916.370511,31646.733594,564.948193,26752.458331,100.00,100.00,let-7a-5p:0.841; let-7b-5p:0.736; mir-17-5p:0.559,
14,mir-30d-3p,0.733662,0.504554,0.903585,1.000000,hsa-mir-30d,maior_em_doentes,8.578646,1.000000,1.000000,8.529191,9401.507834,23.593132,6930.336490,18.546686,100.00,98.21,mir-21-5p:0.547; mir-24-3p:0.496; mir-223-3p:0.492,
15,mir-181a-5p,0.732101,0.579203,0.899540,0.666667,hsa-mir-181a-1; hsa-mir-181a-2,maior_em_doentes,6.181224,0.999617,0.999617,3.256108,6100.147068,83.077087,1194.735876,70.618458,100.00,100.00,mir-181b-5p:0.726; mir-200a-3p:0.496; mir-25-3p:0.472,
16,mir-323b-5p,0.729416,0.551189,0.921587,0.666667,hsa-mir-323b,maior_em_doentes,2.613055,0.966901,0.966901,2.204883,5.843116,0.118526,2.832128,0.000000,94.40,0.97,mir-382-5p:0.702; let-7b-5p:0.670; mir-34a-5p:0.584,
17,mir-181b-3p,0.725553,0.464194,0.999998,0.666667,hsa-mir-181b-1; hsa-mir-181b-2,maior_em_doentes,7.913919,0.999998,0.999998,6.060815,413.589083,0.719059,166.077294,0.000000,100.00,32.56,mir-19b-3p:0.620; mir-19a-3p:0.616; mir-425-5p:0.496,
18,mir-26a-5p,0.722154,0.487799,0.894765,1.000000,hsa-mir-26a-1; hsa-mir-26a-2,menor_em_doentes,-5.049549,0.004363,0.995637,-5.160957,3956.703158,131070.662903,890.938624,124018.862581,100.00,100.00,mir-145-5p:0.507; mir-155-5p:0.498; mir-24-3p:0.490,UAAUC
19,mir-199b-5p,0.720192,0.498779,0.879425,1.000000,hsa-mir-199b,maior_em_doentes,4.112624,0.981858,0.981858,2.616817,5085.838236,293.052408,4201.506331,98.870074,100.00,99.40,mir-21-5p:0.515; mir-34a-5p:0.509; mir-139-5p:0.492,
20,mir-30e-3p,0.718224,0.487153,0.886678,1.000000,hsa-mir-30e,maior_em_doentes,3.575872,0.988899,0.988899,3.994366,12153.069411,1018.241434,11521.875791,829.618440,100.00,100.00,mir-24-3p:0.516; mir-21-5p:0.471; mir-497-5p:0.448,
21,mir-30d-5p,0.715207,0.463542,0.903585,1.000000,hsa-mir-30d,maior_em_doentes,8.578646,1.000000,1.000000,8.529191,9401.507834,23.593132,6930.336490,18.546686,100.00,98.21,mir-1-3p:0.483; mir-191-5p:0.480; mir-10b-5p:0.477,
22,mir-200a-5p,0.715016,0.503802,0.936973,0.666667,hsa-mir-200a,maior_em_doentes,3.087995,0.947478,0.947478,2.697429,963.521620,112.431255,837.130853,0.000000,100.00,29.57,mir-17-5p:0.516; mir-106a-5p:0.494; mir-34a-5p:0.474,
23,mir-23a-3p,0.714895,0.436263,0.930170,1.000000,hsa-mir-23a,maior_em_doentes,7.575854,0.999999,0.999999,5.196821,4365.439869,21.885907,2978.860009,8.012712,100.00,84.91,mir-145-5p:0.502; mir-1246:0.495; mir-181b-5p:0.492,
24,mir-181a-3p,0.714284,0.465535,0.899540,1.000000,hsa-mir-181a-1; hsa-mir-181a-2,maior_em_doentes,6.181224,0.999617,0.999617,3.256108,6100.147068,83.077087,1194.735876,70.618458,100.00,100.00,mir-451a:0.560; mir-425-5p:0.536; mir-10b-5p:0.523,GUUGA
25,mir-15a-5p,0.712861,0.619712,0.742201,1.000000,hsa-mir-15a,maior_em_doentes,2.217845,0.931938,0.931938,1.899615,209.686576,44.289639,138.389358,34.275205,100.00,98.95,mir-497-5p:0.767; mir-195-5p:0.654; mir-16-5p:0.617,
26,mir-146b-5p,0.712221,0.476432,0.884059,1.000000,hsa-mir-146b,maior_em_doentes,4.143434,0.986342,0.986342,3.178108,927.078338,51.515410,603.712418,25.962203,100.00,99.78,mir-21-5p:0.486; mir-125b-5p:0.469; mir-10b-5p:0.464,
27,let-7e-5p,0.711446,0.622902,0.809941,0.666667,hsa-let-7e,maior_em_doentes,2.462927,0.965973,0.965973,1.861726,1542.372405,278.934208,1077.556854,231.222056,100.00,97.76,let-7a-5p:0.920; let-7b-5p:0.798; mir-20a-5p:0.555,
28,mir-486-3p,0.706946,0.498710,0.998208,0.333333,hsa-mir-486-1; hsa-mir-486-2,maior_em_doentes,8.770686,0.998506,0.998506,2.607691,435.756728,0.000000,17.766237,0.000000,99.70,0.00,mir-24-3p:0.683; mir-6861-5p:0.533; mir-6875-5p:0.503,
29,mir-33a-5p,0.706627,0.476298,0.945837,0.666667,hsa-mir-33a,maior_em_doentes,3.298021,0.954864,0.954864,2.472605,20.906494,1.227254,11.814283,0.000000,99.85,42.27,mir-25-3p:0.511; mir-92a-3p:0.499; mir-181b-5p:0.498,
30,mir-146b-3p,0.705408,0.535366,0.884059,0.666667,hsa-mir-146b,maior_em_doentes,4.143434,0.986342,0.986342,3.178108,927.078338,51.515410,603.712418,25.962203,100.00,99.78,mir-34a-5p:0.550; mir-125a-5p:0.498; mir-382-5p:0.488,
31,mir-27b-5p,0.693945,0.517490,0.802389,1.000000,hsa-mir-27b,menor_em_doentes,-2.952346,0.077372,0.922628,-2.546167,1672.861185,12954.794080,575.095191,11536.567266,100.00,100.00,mir-21-5p:0.623; mir-34a-5p:0.540; mir-31-5p:0.473,
32,mir-128-3p,0.692932,0.492194,0.899507,0.666667,hsa-mir-128-1; hsa-mir-128-2,menor_em_doentes,-8.204090,0.000411,0.999589,-3.620126,86.789627,25888.307000,58.635768,3237.537192,100.00,100.00,mir-139-5p:0.562; mir-25-3p:0.547; mir-205-5p:0.506,
33,mir-487b-3p,0.691117,0.450936,0.862658,1.000000,hsa-mir-487b,menor_em_doentes,-6.710209,0.032488,0.967512,-2.538631,7.953180,936.457601,4.306077,153.465512,97.83,98.66,mir-205-5p:0.457; mir-139-5p:0.449; mir-145-5p:0.434,
34,mir-99b-5p,0.688935,0.509534,0.799210,1.000000,hsa-mir-99b,maior_em_doentes,2.599126,0.949414,0.949414,1.972758,39351.992085,6493.757553,31875.998876,6572.393659,100.00,100.00,mir-10b-5p:0.625; mir-99a-5p:0.593; mir-125a-5p:0.500,UAGAA
35,mir-29c-3p,0.686443,0.514436,0.788771,1.000000,hsa-mir-29c,maior_em_doentes,2.651348,0.934496,0.934496,1.920120,1874.555453,297.534538,1523.383996,236.636873,100.00,98.88,mir-195-5p:0.516; mir-16-5p:0.496; mir-451a:0.492,
36,mir-374b-3p,0.685878,0.490092,0.811860,1.000000,hsa-mir-374b,menor_em_doentes,-2.679308,0.047223,0.952777,-2.672128,85.329204,551.980388,54.980130,491.202164,100.00,99.70,let-7a-5p:0.551; mir-21-5p:0.519; mir-34a-5p:0.513,
37,mir-378a-5p,0.684096,0.487724,0.810266,1.000000,hsa-mir-378a,menor_em_doentes,-4.366852,0.074778,0.925222,-1.980238,554.408046,11458.495742,249.384592,3111.957048,100.00,100.00,mir-125a-5p:0.546; mir-125b-5p:0.521; mir-139-5p:0.501,
38,mir-487b-5p,0.681631,0.503930,0.862658,0.666667,hsa-mir-487b,menor_em_doentes,-6.710209,0.032488,0.967512,-2.538631,7.953180,936.457601,4.306077,153.465512,97.83,98.66,mir-92a-3p:0.560; mir-125a-5p:0.534; mir-382-5p:0.532,
39,mir-329-3p,0.679137,0.433365,0.927681,0.666667,hsa-mir-329-1; hsa-mir-329-2,menor_em_doentes,-7.897776,0.013527,0.986473,-3.102134,0.552855,369.338065,0.312111,47.483755,76.70,98.66,mir-125a-5p:0.532; mir-200a-3p:0.496; mir-451a:0.453,
40,mir-33a-3p,0.679024,0.489031,0.945837,0.333333,hsa-mir-33a,maior_em_doentes,3.298021,0.954864,0.954864,2.472605,20.906494,1.227254,11.814283,0.000000,99.85,42.27,mir-139-5p:0.560; mir-497-5p:0.513; mir-17-5p:0.501,
41,let-7g-3p,0.678687,0.481057,0.878989,0.666667,hsa-let-7g,menor_em_doentes,-4.044901,0.017509,0.982491,-4.157376,1916.370511,31646.733594,564.948193,26752.458331,100.00,100.00,mir-92a-3p:0.563; mir-497-5p:0.471; mir-210-3p:0.444,
42,mir-133b,0.673334,0.465839,0.808236,1.000000,hsa-mir-133b,menor_em_doentes,-3.866283,0.151401,0.848599,-1.128638,6.434195,107.417970,0.000000,2.207139,42.87,87.83,mir-145-5p:0.576; mir-205-5p:0.514; mir-125a-5p:0.503,
43,mir-450a-5p,0.672999,0.502879,0.770453,1.000000,hsa-mir-450a-1; hsa-mir-450a-2,menor_em_doentes,-4.007846,0.110321,0.889679,-1.672932,7.125263,129.713175,4.257026,33.857072,99.63,98.21,mir-373-3p:0.514; mir-155-5p:0.479; mir-10b-5p:0.450,AAUAU; CUAAU
44,mir-99a-3p,0.668345,0.446838,0.890224,0.666667,hsa-mir-99a,menor_em_doentes,-7.052877,0.008146,0.991854,-4.425300,976.294455,129762.626011,615.259828,135291.170443,100.00,100.00,mir-25-3p:0.528; mir-34a-5p:0.451; mir-181b-5p:0.433,
45,mir-1185-5p,0.668011,0.505805,0.756442,1.000000,hsa-mir-1185-1; hsa-mir-1185-2,menor_em_doentes,-3.384464,0.158591,0.841409,-1.439795,0.529639,14.974010,0.159394,3.716024,61.69,85.06,mir-10b-5p:0.569; mir-125a-5p:0.507; let-7a-5p:0.502,ACCCU
46,let-7i-3p,0.666404,0.439025,0.893725,0.666667,hsa-let-7i,menor_em_doentes,-4.903892,0.005229,0.994771,-4.696776,1171.854454,35111.574473,535.274821,28725.820809,100.00,100.00,mir-31-5p:0.507; mir-92a-3p:0.450; mir-210-3p:0.433,
47,mir-199b-3p,0.665644,0.525710,0.879425,0.333333,hsa-mir-199b,maior_em_doentes,4.112624,0.981858,0.981858,2.616817,5085.838236,293.052408,4201.506331,98.870074,100.00,99.40,mir-139-5p:0.555; mir-497-5p:0.550; mir-17-5p:0.537,
48,mir-30a-3p,0.664505,0.504102,0.898501,0.333333,hsa-mir-30a,maior_em_doentes,6.195072,0.997755,0.997755,3.741920,66974.820178,913.146077,52091.518343,653.551839,100.00,99.40,mir-24-3p:0.523; mir-497-5p:0.519; mir-1246:0.500,
49,mir-148b-5p,0.661201,0.479503,0.841684,0.666667,hsa-mir-148b,menor_em_doentes,-2.769261,0.029368,0.970632,-2.889134,276.831508,1893.140574,192.220988,1595.628880,100.00,100.00,mir-24-3p:0.513; mir-93-5p:0.460; mir-497-5p:0.453,
50,mir-323b-3p,0.660593,0.398249,0.921587,0.666667,hsa-mir-323b,maior_em_doentes,2.613055,0.966901,0.966901,2.204883,5.843116,0.118526,2.832128,0.000000,94.40,0.97,mir-425-5p:0.472; mir-205-5p:0.432; mir-223-3p:0.418,
51,mir-374b-5p,0.658967,0.430288,0.811860,1.000000,hsa-mir-374b,menor_em_doentes,-2.679308,0.047223,0.952777,-2.672128,85.329204,551.980388,54.980130,491.202164,100.00,99.70,mir-20a-5p:0.493; mir-155-5p:0.483; mir-365a-3p:0.471,
52,let-7c-3p,0.657627,0.443108,0.944212,0.333333,hsa-let-7c,maior_em_doentes,9.102714,1.000000,1.000000,6.594821,3425.419230,5.232331,2336.605702,3.618431,100.00,77.89,mir-125a-5p:0.486; mir-520c-3p:0.481; mir-205-5p:0.477,
53,mir-30e-5p,0.653717,0.491952,0.886678,0.333333,hsa-mir-30e,maior_em_doentes,3.575872,0.988899,0.988899,3.994366,12153.069411,1018.241434,11521.875791,829.618440,100.00,100.00,mir-1-3p:0.514; mir-206:0.502; mir-200a-3p:0.501,
54,mir-138-5p,0.651967,0.563257,0.737410,0.666667,hsa-mir-138-1; hsa-mir-138-2,menor_em_doentes,-6.876341,0.161133,0.838867,-1.478325,2.622880,424.636451,0.266890,11.599632,70.43,85.81,mir-34a-5p:0.646; mir-210-3p:0.581; let-7b-5p:0.562,
55,mir-99b-3p,0.650898,0.499081,0.799210,0.666667,hsa-mir-99b,maior_em_doentes,2.599126,0.949414,0.949414,1.972758,39351.992085,6493.757553,31875.998876,6572.393659,100.00,100.00,mir-34a-5p:0.565; mir-1307-3p:0.555; mir-139-5p:0.538,
56,let-7a-3p,0.648582,0.392714,0.900431,0.666667,hsa-let-7a-1; hsa-let-7a-2; hsa-let-7a-3,maior_em_doentes,5.876553,0.999985,0.999985,5.748157,14084.775261,238.751809,10303.340884,176.169645,100.00,99.78,mir-25-3p:0.455; mir-200a-3p:0.450; mir-139-5p:0.437,
57,mir-30a-5p,0.647592,0.466519,0.898501,0.333333,hsa-mir-30a,maior_em_doentes,6.195072,0.997755,0.997755,3.741920,66974.820178,913.146077,52091.518343,653.551839,100.00,99.40,mir-200a-3p:0.507; mir-1-3p:0.493; mir-206:0.465,
58,mir-4662a-3p,0.646620,0.460722,0.753990,1.000000,hsa-mir-4662a,maior_em_doentes,2.513891,0.881368,0.881368,1.659199,33.363185,5.016403,17.742660,2.833045,99.55,77.07,mir-195-5p:0.514; mir-16-5p:0.487; mir-365a-3p:0.487,
59,mir-148b-3p,0.646561,0.521045,0.841684,0.333333,hsa-mir-148b,menor_em_doentes,-2.769261,0.029368,0.970632,-2.889134,276.831508,1893.140574,192.220988,1595.628880,100.00,100.00,mir-24-3p:0.558; mir-139-5p:0.550; mir-497-5p:0.545,
60,mir-124-5p,0.646440,0.494678,0.793707,0.666667,hsa-mir-124-1; hsa-mir-124-2; hsa-mir-124-3,menor_em_doentes,-7.835849,0.171911,0.828089,-1.054341,0.599431,364.418897,0.000000,1.455375,19.49,74.31,mir-210-3p:0.544; mir-425-5p:0.477; mir-497-5p:0.463,
61,mir-329-5p,0.644254,0.429921,0.927681,0.333333,hsa-mir-329-1; hsa-mir-329-2,menor_em_doentes,-7.897776,0.013527,0.986473,-3.102134,0.552855,369.338065,0.312111,47.483755,76.70,98.66,mir-373-3p:0.514; mir-520c-3p:0.487; mir-382-5p:0.455,
62,mir-1-5p,0.643681,0.392166,0.890089,0.666667,hsa-mir-1-1; hsa-mir-1-2,menor_em_doentes,-9.879753,0.018964,0.981036,-2.820178,22.247922,21901.118754,1.485454,369.748909,92.53,98.95,mir-365a-3p:0.428; mir-451a:0.390; mir-92a-3p:0.383,
63,mir-4662a-5p,0.639922,0.445836,0.753990,1.000000,hsa-mir-4662a,maior_em_doentes,2.513891,0.881368,0.881368,1.659199,33.363185,5.016403,17.742660,2.833045,99.55,77.07,mir-145-5p:0.463; mir-520c-3p:0.459; mir-223-3p:0.448,
64,mir-135a-3p,0.639253,0.466685,0.731655,1.000000,hsa-mir-135a-1; hsa-mir-135a-2,menor_em_doentes,-6.516765,0.160203,0.839797,-1.531077,4.938070,542.734602,0.450023,28.233521,76.85,88.80,mir-1246:0.551; mir-155-5p:0.474; mir-16-5p:0.467,
65,mir-203a-3p,0.635681,0.487511,0.702892,1.000000,hsa-mir-203a,maior_em_doentes,2.229967,0.893938,0.893938,2.114095,6741.801271,1436.319957,3256.953349,14.047174,100.00,96.42,mir-21-5p:0.465; mir-10b-5p:0.463; mir-206:0.452,
66,mir-30c-5p,0.634819,0.439824,0.896811,0.333333,hsa-mir-30c-1; hsa-mir-30c-2,maior_em_doentes,3.754722,0.996098,0.996098,3.537292,641.797990,46.620116,486.468821,38.881424,100.00,99.25,mir-139-5p:0.496; mir-200a-3p:0.469; mir-24-3p:0.446,
67,mir-124-3p,0.634745,0.468690,0.793707,0.666667,hsa-mir-124-1; hsa-mir-124-2; hsa-mir-124-3,menor_em_doentes,-7.835849,0.171911,0.828089,-1.054341,0.599431,364.418897,0.000000,1.455375,19.49,74.31,mir-191-5p:0.470; mir-31-5p:0.462; mir-16-5p:0.461,
68,mir-23a-5p,0.634618,0.406017,0.930170,0.333333,hsa-mir-23a,maior_em_doentes,7.575854,0.999999,0.999999,5.196821,4365.439869,21.885907,2978.860009,8.012712,100.00,84.91,mir-6861-5p:0.616; mir-373-3p:0.555; mir-1246:0.504,
69,mir-23b-3p,0.631796,0.422077,0.833767,0.666667,hsa-mir-23b,menor_em_doentes,-3.040585,0.055194,0.944806,-2.422994,1094.905067,9016.379611,737.884730,6742.519227,100.00,100.00,mir-451a:0.452; mir-181b-5p:0.444; mir-425-5p:0.421,
70,mir-487a-5p,0.630679,0.535629,0.717732,0.666667,hsa-mir-487a,menor_em_doentes,-4.790253,0.158238,0.841762,-1.440572,2.127447,85.536615,1.213186,10.844662,86.93,90.74,mir-382-5p:0.579; mir-34a-5p:0.573; mir-93-5p:0.551,
71,mir-487a-3p,0.626256,0.451726,0.717732,1.000000,hsa-mir-487a,menor_em_doentes,-4.790253,0.158238,0.841762,-1.440572,2.127447,85.536615,1.213186,10.844662,86.93,90.74,mir-24-3p:0.501; mir-145-5p:0.499; mir-6875-5p:0.494,
72,mir-27b-3p,0.625095,0.512637,0.802389,0.333333,hsa-mir-27b,menor_em_doentes,-2.952346,0.077372,0.922628,-2.546167,1672.861185,12954.794080,575.095191,11536.567266,100.00,100.00,mir-24-3p:0.556; mir-17-5p:0.529; mir-139-5p:0.528,
73,mir-23b-5p,0.622175,0.474770,0.833767,0.333333,hsa-mir-23b,menor_em_doentes,-3.040585,0.055194,0.944806,-2.422994,1094.905067,9016.379611,737.884730,6742.519227,100.00,100.00,mir-181b-5p:0.544; mir-373-3p:0.543; mir-31-5p:0.541,
74,mir-376c-3p,0.621493,0.445192,0.713682,1.000000,hsa-mir-376c,menor_em_doentes,-3.068839,0.161862,0.838138,-1.372732,8.009417,74.597816,3.704112,26.935761,97.98,94.03,mir-191-5p:0.443; mir-195-5p:0.430; mir-205-5p:0.420,
75,mir-15a-3p,0.621433,0.490613,0.742201,0.666667,hsa-mir-15a,maior_em_doentes,2.217845,0.931938,0.931938,1.899615,209.686576,44.289639,138.389358,34.275205,100.00,98.95,mir-92a-3p:0.539; mir-31-5p:0.491; mir-93-5p:0.465,
76,mir-526b-3p,0.617336,0.627031,0.596679,0.666667,hsa-mir-526b,maior_em_doentes,1.642495,0.777025,0.777025,0.907183,2.479486,0.114487,0.405664,0.000000,63.03,9.48,mir-520c-3p:0.926; mir-373-3p:0.571; mir-106a-5p:0.549,
77,mir-27a-5p,0.614943,0.508136,0.710256,0.666667,hsa-mir-27a,menor_em_doentes,-2.333412,0.102571,0.897429,-1.860690,1456.063993,7342.541512,957.986260,5584.732653,100.00,100.00,mir-34a-5p:0.600; mir-31-5p:0.565; mir-210-3p:0.516,
78,mir-378a-3p,0.614418,0.481033,0.810266,0.333333,hsa-mir-378a,menor_em_doentes,-4.366852,0.074778,0.925222,-1.980238,554.408046,11458.495742,249.384592,3111.957048,100.00,100.00,mir-6875-5p:0.514; mir-1246:0.482; mir-24-3p:0.462,
79,mir-29c-5p,0.609452,0.491493,0.788771,0.333333,hsa-mir-29c,maior_em_doentes,2.651348,0.934496,0.934496,1.920120,1874.555453,297.534538,1523.383996,236.636873,100.00,98.88,mir-373-3p:0.541; mir-382-5p:0.541; mir-205-5p:0.500,
80,let-7e-3p,0.608457,0.394038,0.809941,0.666667,hsa-let-7e,maior_em_doentes,2.462927,0.965973,0.965973,1.861726,1542.372405,278.934208,1077.556854,231.222056,100.00,97.76,mir-92a-3p:0.445; mir-205-5p:0.418; mir-520c-3p:0.415,
81,mir-203a-5p,0.600533,0.483479,0.702892,0.666667,hsa-mir-203a,maior_em_doentes,2.229967,0.893938,0.893938,2.114095,6741.801271,1436.319957,3256.953349,14.047174,100.00,96.42,mir-24-3p:0.582; mir-17-5p:0.518; mir-106a-5p:0.501,
82,mir-125a-3p,0.598135,0.495290,0.685751,0.666667,hsa-mir-125a,menor_em_doentes,-2.034902,0.098116,0.901884,-2.122593,2738.640884,11225.910243,1003.339290,10125.771805,100.00,100.00,let-7b-5p:0.572; mir-6875-5p:0.563; mir-6861-5p:0.563,
83,mir-135b-3p,0.592807,0.474011,0.621117,1.000000,hsa-mir-135b,menor_em_doentes,-4.702506,0.245846,0.754154,-1.108654,37.236419,994.571894,3.304460,99.721390,93.43,85.36,mir-6861-5p:0.547; mir-155-5p:0.509; mir-1-3p:0.507,
84,mir-200c-3p,0.589148,0.503751,0.583245,1.000000,hsa-mir-200c,maior_em_doentes,1.718004,0.836647,0.836647,1.871114,11873.490046,3608.476368,9741.730623,40.552142,100.00,96.27,mir-155-5p:0.580; mir-1-3p:0.471; mir-200a-3p:0.470,
85,mir-219a-5p,0.587842,0.467872,0.690295,0.666667,hsa-mir-219a-2,menor_em_doentes,-9.065289,0.239479,0.760521,-1.021946,0.173322,627.552169,0.000000,1.445764,24.05,62.88,mir-19b-3p:0.538; mir-19a-3p:0.507; mir-191-5p:0.480,
86,mir-196a-5p,0.586742,0.546831,0.608891,0.666667,hsa-mir-196a-1; hsa-mir-196a-2,maior_em_doentes,1.739563,0.801580,0.801580,1.333409,468.052028,139.462477,187.878673,1.264704,100.00,63.48,let-7b-5p:0.694; let-7a-5p:0.691; mir-382-5p:0.554,
87,mir-1269a,0.582039,0.461508,0.609689,1.000000,hsa-mir-1269a,maior_em_doentes,5.232318,0.696212,0.696212,0.695860,87.907355,1.365119,0.508915,0.000000,61.46,24.35,mir-210-3p:0.524; mir-125b-5p:0.455; mir-21-5p:0.453,
88,mir-193a-3p,0.580904,0.490309,0.578366,1.000000,hsa-mir-193a,maior_em_doentes,1.410790,0.863908,0.863908,1.430937,530.727570,198.985730,425.435868,129.844440,100.00,99.70,mir-191-5p:0.506; mir-145-5p:0.497; mir-139-5p:0.489,
89,let-7d-5p,0.580004,0.608266,0.532483,0.666667,hsa-let-7d,menor_em_doentes,-0.923568,0.133228,0.866772,-1.459936,1092.752545,2073.630440,531.548178,1792.245128,100.00,100.00,let-7a-5p:0.879; let-7b-5p:0.758; mir-20a-5p:0.628,
90,mir-27a-3p,0.577897,0.499886,0.710256,0.333333,hsa-mir-27a,menor_em_doentes,-2.333412,0.102571,0.897429,-1.860690,1456.063993,7342.541512,957.986260,5584.732653,100.00,100.00,mir-24-3p:0.549; mir-139-5p:0.502; mir-17-5p:0.494,
91,mir-135a-5p,0.576594,0.475590,0.731655,0.333333,hsa-mir-135a-1; hsa-mir-135a-2,menor_em_doentes,-6.516765,0.160203,0.839797,-1.531077,4.938070,542.734602,0.450023,28.233521,76.85,88.80,mir-520c-3p:0.504; mir-1246:0.476; mir-373-3p:0.471,
92,mir-200c-5p,0.575366,0.547197,0.583245,0.666667,hsa-mir-200c,maior_em_doentes,1.718004,0.836647,0.836647,1.871114,11873.490046,3608.476368,9741.730623,40.552142,100.00,96.27,mir-34a-5p:0.631; mir-497-5p:0.588; mir-223-3p:0.552,
93,mir-3622a-3p,0.574830,0.471688,0.583490,1.000000,hsa-mir-3622a,menor_em_doentes,-1.935962,0.228114,0.771886,-1.359608,0.274677,3.877340,0.000000,2.326675,36.59,68.41,mir-125a-5p:0.653; mir-125b-5p:0.573; mir-92a-3p:0.521,
94,mir-550a-5p,0.570534,0.475172,0.644533,0.666667,hsa-mir-550a-1; hsa-mir-550a-2; hsa-mir-550a-3,menor_em_doentes,-1.300118,0.845434,0.845434,0.639142,2.673433,8.045790,1.632475,0.000000,99.55,20.61,mir-6875-5p:0.533; mir-520c-3p:0.477; mir-20a-5p:0.462,
95,mir-376c-5p,0.570446,0.479903,0.713682,0.333333,hsa-mir-376c,menor_em_doentes,-3.068839,0.161862,0.838138,-1.372732,8.009417,74.597816,3.704112,26.935761,97.98,94.03,mir-382-5p:0.542; mir-205-5p:0.481; mir-373-3p:0.461,
96,mir-550a-3p,0.563578,0.459714,0.644533,0.666667,hsa-mir-550a-1; hsa-mir-550a-2; hsa-mir-550a-3,menor_em_doentes,-1.300118,0.845434,0.845434,0.639142,2.673433,8.045790,1.632475,0.000000,99.55,20.61,mir-139-5p:0.516; mir-25-3p:0.500; mir-205-5p:0.471,
97,mir-509-3p,0.562734,0.528547,0.573825,0.666667,hsa-mir-509-3,menor_em_doentes,-8.748604,0.644854,0.644854,-0.386206,5.219339,2674.078855,0.954484,0.000000,87.30,33.08,let-7b-5p:0.644; mir-6861-5p:0.556; mir-200a-3p:0.539,
98,mir-196a-3p,0.562615,0.493215,0.608891,0.666667,hsa-mir-196a-1; hsa-mir-196a-2,maior_em_doentes,1.739563,0.801580,0.801580,1.333409,468.052028,139.462477,187.878673,1.264704,100.00,63.48,mir-19b-3p:0.552; mir-19a-3p:0.548; mir-191-5p:0.531,
99,mir-34c-5p,0.560108,0.609526,0.487011,0.666667,hsa-mir-34c,menor_em_doentes,-3.718868,0.352248,0.647752,-0.534885,21.378931,293.666150,10.123195,23.998836,99.78,94.92,mir-34a-5p:0.687; let-7a-5p:0.596; mir-20a-5p:0.588,
100,mir-526b-5p,0.559460,0.498416,0.596679,0.666667,hsa-mir-526b,maior_em_doentes,1.642495,0.777025,0.777025,0.907183,2.479486,0.114487,0.405664,0.000000,63.03,9.48,mir-25-3p:0.554; mir-520c-3p:0.505; mir-373-3p:0.453,
101,mir-509-5p,0.554766,0.510841,0.573825,0.666667,hsa-mir-509-3,menor_em_doentes,-8.748604,0.644854,0.644854,-0.386206,5.219339,2674.078855,0.954484,0.000000,87.30,33.08,mir-17-5p:0.562; mir-24-3p:0.544; mir-106a-5p:0.523,
102,mir-9-5p,0.550288,0.501056,0.499584,1.000000,hsa-mir-9-1; hsa-mir-9-2; hsa-mir-9-3,menor_em_doentes,-5.265792,0.343638,0.656362,-0.558313,1019.496901,39261.055568,161.064017,498.789680,100.00,94.03,mir-34a-5p:0.578; mir-21-5p:0.570; let-7a-5p:0.464,
103,mir-514a-3p,0.548552,0.527867,0.468916,1.000000,hsa-mir-514a-1; hsa-mir-514a-2; hsa-mir-514a-3,menor_em_doentes,-9.796078,0.565210,0.565210,-0.650114,3.224397,3754.587346,0.408696,0.000000,85.29,39.96,mir-21-5p:0.530; mir-210-3p:0.510; mir-125b-5p:0.502,
104,mir-376a-3p,0.543242,0.435396,0.623660,0.666667,hsa-mir-376a-1; hsa-mir-376a-2,menor_em_doentes,-4.532212,0.244971,0.755029,-1.232453,1.244163,50.926158,0.723237,6.564439,90.81,82.00,mir-191-5p:0.498; mir-19b-3p:0.451; mir-365a-3p:0.444,
105,mir-135b-5p,0.530693,0.484128,0.621117,0.333333,hsa-mir-135b,menor_em_doentes,-4.702506,0.245846,0.754154,-1.108654,37.236419,994.571894,3.304460,99.721390,93.43,85.36,mir-205-5p:0.484; mir-181b-5p:0.479; mir-373-3p:0.463,
106,let-7d-3p,0.529288,0.421490,0.532483,1.000000,hsa-let-7d,menor_em_doentes,-0.923568,0.133228,0.866772,-1.459936,1092.752545,2073.630440,531.548178,1792.245128,100.00,100.00,mir-125a-5p:0.518; mir-125b-5p:0.449; mir-92a-3p:0.438,
107,mir-29a-3p,0.527247,0.500716,0.448722,1.000000,hsa-mir-29a,menor_em_doentes,-1.090139,0.216910,0.783090,-0.903011,4822.512809,10267.996123,3930.521464,8309.758186,100.00,100.00,mir-195-5p:0.481; mir-16-5p:0.461; mir-155-5p:0.443,
108,mir-514a-5p,0.525633,0.476935,0.468916,1.000000,hsa-mir-514a-1; hsa-mir-514a-2; hsa-mir-514a-3,menor_em_doentes,-9.796078,0.565210,0.565210,-0.650114,3.224397,3754.587346,0.408696,0.000000,85.29,39.96,mir-425-5p:0.477; mir-21-5p:0.467; mir-6875-5p:0.424,
109,mir-514b-3p,0.518861,0.533581,0.397222,1.000000,hsa-mir-514b,menor_em_doentes,-4.620244,0.437652,0.562348,-0.451677,0.087855,25.754878,0.000000,0.000000,7.84,19.04,mir-210-3p:0.569; mir-125a-5p:0.533; mir-125b-5p:0.529,
110,mir-129-5p,0.511690,0.432397,0.556544,0.666667,hsa-mir-129-1; hsa-mir-129-2,menor_em_doentes,-8.010654,0.314344,0.685656,-1.185090,2.613165,930.826551,0.640097,15.634961,87.75,70.87,mir-373-3p:0.568; mir-25-3p:0.544; mir-520c-3p:0.507,
111,mir-449a,0.511334,0.649978,0.338171,0.666667,hsa-mir-449a,maior_em_doentes,0.649712,0.669165,0.669165,0.409294,36.239317,22.736621,0.495602,0.000000,63.33,28.23,mir-34a-5p:0.836; let-7b-5p:0.598; mir-93-5p:0.547,
112,mir-513b-5p,0.510748,0.456061,0.530786,0.666667,hsa-mir-513b,menor_em_doentes,-5.884617,0.353608,0.646392,-0.664301,0.068464,62.125685,0.000000,0.000000,6.20,33.76,mir-181b-5p:0.519; mir-223-3p:0.460; mir-373-3p:0.439,
113,mir-302a-5p,0.506693,0.482951,0.420811,1.000000,hsa-mir-302a,menor_em_doentes,-2.229693,0.375959,0.624041,-0.598876,0.007642,3.726184,0.000000,0.000000,1.57,26.06,mir-200a-3p:0.522; mir-21-5p:0.445; mir-92a-3p:0.436,
114,mir-7-5p,0.505234,0.518445,0.530223,0.333333,hsa-mir-7-1; hsa-mir-7-2; hsa-mir-7-3,menor_em_doentes,-3.964613,0.312628,0.687372,-0.815347,17.317992,284.986398,8.865987,23.897749,100.00,97.31,mir-373-3p:0.604; mir-382-5p:0.595; mir-1246:0.547,
115,mir-376a-5p,0.504132,0.422560,0.623660,0.333333,hsa-mir-376a-1; hsa-mir-376a-2,menor_em_doentes,-4.532212,0.244971,0.755029,-1.232453,1.244163,50.926158,0.723237,6.564439,90.81,82.00,mir-205-5p:0.491; mir-520c-3p:0.442; mir-99a-5p:0.441,
116,mir-302b-3p,0.503476,0.589049,0.381638,0.666667,hsa-mir-302b,menor_em_doentes,-2.810250,0.436818,0.563182,-0.485765,0.005566,6.053104,0.000000,0.000000,1.79,14.19,mir-520c-3p:0.685; mir-20a-5p:0.636; mir-17-5p:0.573,
117,mir-3622a-5p,0.503162,0.460575,0.583490,0.333333,hsa-mir-3622a,menor_em_doentes,-1.935962,0.228114,0.771886,-1.359608,0.274677,3.877340,0.000000,2.326675,36.59,68.41,mir-24-3p:0.607; mir-6875-5p:0.574; mir-6861-5p:0.536,
118,mir-3180-5p,0.501251,0.403595,0.488073,1.000000,hsa-mir-3180-1; hsa-mir-3180-2; hsa-mir-3180-3; hsa-mir-3180-4; hsa-mir-3180-5,menor_em_doentes,-1.147537,0.260596,0.739404,-1.114583,0.006723,1.230247,0.000000,0.294659,9.34,52.35,mir-145-5p:0.507; mir-205-5p:0.506; mir-139-5p:0.438,
119,mir-374a-3p,0.499923,0.459340,0.429378,1.000000,hsa-mir-374a,menor_em_doentes,-1.028775,0.228414,0.771586,-0.669287,692.882599,1414.722295,650.299425,1268.139247,100.00,99.70,mir-21-5p:0.535; mir-1-3p:0.482; let-7a-5p:0.435,
120,mir-302a-3p,0.498202,0.612231,0.420811,0.333333,hsa-mir-302a,menor_em_doentes,-2.229693,0.375959,0.624041,-0.598876,0.007642,3.726184,0.000000,0.000000,1.57,26.06,mir-373-3p:0.703; mir-520c-3p:0.616; mir-382-5p:0.542,
121,mir-193a-5p,0.498141,0.454539,0.578366,0.333333,hsa-mir-193a,maior_em_doentes,1.410790,0.863908,0.863908,1.430937,530.727570,198.985730,425.435868,129.844440,100.00,99.70,mir-373-3p:0.535; mir-6861-5p:0.468; mir-4634:0.454,
122,mir-513b-3p,0.497250,0.500141,0.530786,0.333333,hsa-mir-513b,menor_em_doentes,-5.884617,0.353608,0.646392,-0.664301,0.068464,62.125685,0.000000,0.000000,6.20,33.76,mir-1246:0.578; mir-520c-3p:0.564; mir-125a-5p:0.477,
123,mir-208b-3p,0.496932,0.456034,0.500111,0.666667,hsa-mir-208b,menor_em_doentes,-5.208037,0.374192,0.625808,-0.566363,0.066536,38.423109,0.000000,0.000000,2.99,27.56,mir-191-5p:0.483; mir-1-3p:0.460; mir-106a-5p:0.439,
124,mir-9-3p,0.495462,0.453294,0.499584,0.666667,hsa-mir-9-1; hsa-mir-9-2; hsa-mir-9-3,menor_em_doentes,-5.265792,0.343638,0.656362,-0.558313,1019.496901,39261.055568,161.064017,498.789680,100.00,94.03,mir-1-3p:0.486; mir-20a-5p:0.473; mir-191-5p:0.472,CCGAA
125,mir-512-3p,0.492871,0.541502,0.405618,0.666667,hsa-mir-512-1; hsa-mir-512-2,menor_em_doentes,-0.640834,0.709059,0.709059,0.112686,0.858317,1.897545,0.099488,0.000000,54.37,9.04,mir-93-5p:0.632; mir-34a-5p:0.575; mir-20a-5p:0.564,
126,mir-199a-5p,0.491290,0.490787,0.452821,0.666667,hsa-mir-199a-1; hsa-mir-199a-2,maior_em_doentes,0.977175,0.795671,0.795671,1.066854,3097.292874,1572.850856,2642.903505,992.930590,100.00,99.85,mir-139-5p:0.528; mir-223-3p:0.508; mir-125a-5p:0.502,
127,mir-92b-3p,0.488929,0.541804,0.396557,0.666667,hsa-mir-92b,maior_em_doentes,0.190302,0.185395,0.814605,-0.991561,974.391285,853.854452,100.234795,470.160542,100.00,100.00,mir-92a-3p:0.750; mir-25-3p:0.500; mir-205-5p:0.472,
128,mir-374a-5p,0.486166,0.428770,0.429378,1.000000,hsa-mir-374a,menor_em_doentes,-1.028775,0.228414,0.771586,-0.669287,692.882599,1414.722295,650.299425,1268.139247,100.00,99.70,mir-155-5p:0.475; mir-20a-5p:0.469; mir-365a-3p:0.447,
129,mir-208b-5p,0.479530,0.491438,0.500111,0.333333,hsa-mir-208b,menor_em_doentes,-5.208037,0.374192,0.625808,-0.566363,0.066536,38.423109,0.000000,0.000000,2.99,27.56,mir-373-3p:0.555; mir-520c-3p:0.523; mir-1246:0.510,
130,mir-302d-3p,0.478097,0.593584,0.320706,0.666667,hsa-mir-302d,menor_em_doentes,-2.123988,0.432148,0.567852,-0.462326,0.003144,3.372676,0.000000,0.000000,0.97,14.41,mir-373-3p:0.620; mir-520c-3p:0.584; mir-93-5p:0.583,
131,mir-34c-3p,0.475976,0.422566,0.487011,0.666667,hsa-mir-34c,menor_em_doentes,-3.718868,0.352248,0.647752,-0.534885,21.378931,293.666150,10.123195,23.998836,99.78,94.92,mir-425-5p:0.469; mir-191-5p:0.424; mir-24-3p:0.384,CUAAC
132,mir-216b-5p,0.474363,0.534948,0.371043,0.666667,hsa-mir-216b,menor_em_doentes,-8.667894,0.451004,0.548996,-0.560513,0.081447,438.846814,0.000000,0.000000,17.18,23.30,mir-19a-3p:0.712; mir-19b-3p:0.676; mir-191-5p:0.500,
133,mir-199a-3p,0.473672,0.525710,0.452821,0.333333,hsa-mir-199a-1; hsa-mir-199a-2,maior_em_doentes,0.977175,0.795671,0.795671,1.066854,3097.292874,1572.850856,2642.903505,992.930590,100.00,99.85,mir-139-5p:0.555; mir-497-5p:0.550; mir-17-5p:0.537,
134,mir-194-5p,0.473343,0.509785,0.393939,0.666667,hsa-mir-194-1; hsa-mir-194-2,menor_em_doentes,-3.019199,0.421842,0.578158,-0.404096,98.823764,808.288321,78.336656,91.997606,100.00,99.93,mir-200a-3p:0.548; mir-19b-3p:0.546; mir-497-5p:0.543,
135,mir-499a-5p,0.473162,0.548419,0.280829,1.000000,hsa-mir-499a,menor_em_doentes,-0.762760,0.615071,0.615071,-0.035025,1.265429,2.843831,0.260832,0.000000,59.45,26.21,mir-21-5p:0.610; mir-34a-5p:0.497; mir-373-3p:0.489,
136,mir-194-3p,0.471855,0.506480,0.393939,0.666667,hsa-mir-194-1; hsa-mir-194-2,menor_em_doentes,-3.019199,0.421842,0.578158,-0.404096,98.823764,808.288321,78.336656,91.997606,100.00,99.93,mir-34a-5p:0.581; mir-6861-5p:0.579; mir-181b-5p:0.513,
137,mir-208a-3p,0.467187,0.475192,0.414852,0.666667,hsa-mir-208a,menor_em_doentes,-5.118471,0.427815,0.572185,-0.457847,0.041875,35.193378,0.000000,0.000000,2.99,17.10,mir-191-5p:0.600; mir-19a-3p:0.510; mir-19b-3p:0.499,
138,mir-153-5p,0.466794,0.505831,0.309268,1.000000,hsa-mir-153-1; hsa-mir-153-2,menor_em_doentes,-1.652837,0.577168,0.577168,0.033945,25.221697,81.454486,8.342178,4.545660,99.03,73.34,mir-1246:0.571; mir-373-3p:0.552; mir-21-5p:0.547,
139,mir-519b-3p,0.465340,0.606205,0.279736,0.666667,hsa-mir-519b,menor_em_doentes,-2.107834,0.455983,0.544017,-0.378820,0.076632,3.640754,0.000000,0.000000,8.14,16.21,mir-520c-3p:0.819; mir-106a-5p:0.573; mir-20a-5p:0.569,
140,mir-302b-5p,0.463377,0.499940,0.381638,0.666667,hsa-mir-302b,menor_em_doentes,-2.810250,0.436818,0.563182,-0.485765,0.005566,6.053104,0.000000,0.000000,1.79,14.19,mir-520c-3p:0.604; mir-373-3p:0.573; mir-106a-5p:0.482,
141,mir-301b-5p,0.461653,0.482670,0.321003,1.000000,hsa-mir-301b,maior_em_doentes,0.635959,0.652395,0.652395,0.421053,3.231101,1.722768,1.051826,0.000000,81.48,44.21,mir-25-3p:0.552; mir-425-5p:0.439; mir-21-5p:0.437,
142,mir-29a-5p,0.459058,0.497333,0.448722,0.333333,hsa-mir-29a,menor_em_doentes,-1.090139,0.216910,0.783090,-0.903011,4822.512809,10267.996123,3930.521464,8309.758186,100.00,100.00,mir-373-3p:0.629; mir-1246:0.549; mir-382-5p:0.532,
143,mir-520a-5p,0.458415,0.477188,0.319290,1.000000,hsa-mir-520a,menor_em_doentes,-0.420006,0.669461,0.669461,0.191919,0.975150,1.642618,0.000000,0.000000,49.74,12.77,mir-520c-3p:0.556; mir-145-5p:0.483; mir-6875-5p:0.463,
144,mir-18a-5p,0.457699,0.567051,0.301909,0.666667,hsa-mir-18a,menor_em_doentes,-1.705149,0.394364,0.605636,-0.315639,52.076770,172.063493,7.103012,12.664240,99.63,97.31,mir-20a-5p:0.703; mir-17-5p:0.635; mir-106a-5p:0.622,
145,mir-301b-3p,0.456538,0.545377,0.321003,0.666667,hsa-mir-301b,maior_em_doentes,0.635959,0.652395,0.652395,0.421053,3.231101,1.722768,1.051826,0.000000,81.48,44.21,mir-19b-3p:0.589; mir-19a-3p:0.585; mir-17-5p:0.563,
146,mir-20b-5p,0.453796,0.638055,0.222232,0.666667,hsa-mir-20b,maior_em_doentes,1.048066,0.583416,0.583416,0.371353,60.111460,28.554486,17.226770,14.042543,99.85,91.19,mir-20a-5p:0.846; mir-17-5p:0.844; mir-106a-5p:0.814,
147,mir-512-5p,0.449577,0.445294,0.405618,0.666667,hsa-mir-512-1; hsa-mir-512-2,menor_em_doentes,-0.640834,0.709059,0.709059,0.112686,0.858317,1.897545,0.099488,0.000000,54.37,9.04,mir-24-3p:0.496; mir-25-3p:0.483; mir-497-5p:0.475,
148,mir-18a-3p,0.449295,0.474302,0.301909,1.000000,hsa-mir-18a,menor_em_doentes,-1.705149,0.394364,0.605636,-0.315639,52.076770,172.063493,7.103012,12.664240,99.63,97.31,mir-125b-5p:0.537; mir-125a-5p:0.505; mir-520c-3p:0.493,
149,mir-3180-3p,0.449217,0.436114,0.488073,0.333333,hsa-mir-3180-1; hsa-mir-3180-2; hsa-mir-3180-3; hsa-mir-3180-4; hsa-mir-3180-5,menor_em_doentes,-1.147537,0.260596,0.739404,-1.114583,0.006723,1.230247,0.000000,0.294659,9.34,52.35,mir-4634:0.591; mir-6861-5p:0.543; mir-6875-5p:0.452,
150,mir-518e-3p,0.448384,0.508982,0.265205,1.000000,hsa-mir-518e,menor_em_doentes,-1.475650,0.570650,0.570650,-0.122959,0.591997,3.427487,0.000000,0.000000,28.08,11.65,mir-520c-3p:0.583; mir-205-5p:0.500; mir-145-5p:0.464,
151,mir-519a-3p,0.447712,0.600079,0.246689,0.666667,hsa-mir-519a-1; hsa-mir-519a-2,maior_em_doentes,0.151516,0.633575,0.633575,0.063011,4.857172,4.273236,0.198450,0.000000,62.58,26.96,mir-520c-3p:0.759; mir-106a-5p:0.608; mir-20a-5p:0.603,
152,mir-520a-3p,0.445788,0.597276,0.319290,0.333333,hsa-mir-520a,menor_em_doentes,-0.420006,0.669461,0.669461,0.191919,0.975150,1.642618,0.000000,0.000000,49.74,12.77,mir-520c-3p:0.679; mir-373-3p:0.609; mir-125a-5p:0.552,
153,mir-301a-3p,0.443316,0.558925,0.278074,0.666667,hsa-mir-301a,maior_em_doentes,1.211575,0.614707,0.614707,0.498034,31.109601,12.864830,13.446975,9.456847,99.70,90.07,mir-17-5p:0.643; mir-20a-5p:0.625; mir-106a-5p:0.614,
154,mir-3180,0.441414,0.418772,0.488073,0.333333,hsa-mir-3180-1; hsa-mir-3180-2; hsa-mir-3180-3; hsa-mir-3180-4; hsa-mir-3180-5,menor_em_doentes,-1.147537,0.260596,0.739404,-1.114583,0.006723,1.230247,0.000000,0.294659,9.34,52.35,mir-4634:0.545; mir-6861-5p:0.517; mir-6875-5p:0.432,
155,mir-190b-5p,0.440928,0.467244,0.290374,1.000000,hsa-mir-190b,maior_em_doentes,1.276061,0.629043,0.629043,0.454418,47.347643,18.963771,14.403155,5.156322,95.29,91.34,mir-21-5p:0.515; mir-155-5p:0.504; mir-373-3p:0.504,
156,mir-19a-5p,0.439950,0.448409,0.381111,0.666667,hsa-mir-19a,menor_em_doentes,-1.967089,0.347950,0.652050,-0.530396,33.160033,132.558363,19.326568,36.156324,100.00,99.03,mir-497-5p:0.504; mir-92a-3p:0.455; mir-17-5p:0.453,
157,mir-208a-5p,0.438325,0.485129,0.414852,0.333333,hsa-mir-208a,menor_em_doentes,-5.118471,0.427815,0.572185,-0.457847,0.041875,35.193378,0.000000,0.000000,2.99,17.10,mir-373-3p:0.510; mir-1246:0.505; mir-520c-3p:0.500,
158,mir-520f-3p,0.435538,0.608806,0.210908,0.666667,hsa-mir-520f,maior_em_doentes,0.392623,0.606942,0.606942,0.393686,0.364368,0.039298,0.000000,0.000000,23.30,1.64,mir-520c-3p:0.964; mir-373-3p:0.633; mir-20a-5p:0.522,
159,mir-216b-3p,0.434832,0.447102,0.371043,0.666667,hsa-mir-216b,menor_em_doentes,-8.667894,0.451004,0.548996,-0.560513,0.081447,438.846814,0.000000,0.000000,17.18,23.30,mir-99a-5p:0.493; mir-451a:0.484; mir-425-5p:0.462,
160,mir-301a-5p,0.434075,0.464314,0.278074,1.000000,hsa-mir-301a,maior_em_doentes,1.211575,0.614707,0.614707,0.498034,31.109601,12.864830,13.446975,9.456847,99.70,90.07,mir-25-3p:0.578; mir-92a-3p:0.520; mir-21-5p:0.475,
161,mir-153-3p,0.430886,0.500108,0.309268,0.666667,hsa-mir-153-1; hsa-mir-153-2,menor_em_doentes,-1.652837,0.577168,0.577168,0.033945,25.221697,81.454486,8.342178,4.545660,99.03,73.34,mir-106a-5p:0.550; mir-17-5p:0.537; mir-19b-3p:0.536,
162,mir-302d-5p,0.413542,0.450127,0.320706,0.666667,hsa-mir-302d,menor_em_doentes,-2.123988,0.432148,0.567852,-0.462326,0.003144,3.372676,0.000000,0.000000,0.97,14.41,mir-1246:0.481; mir-25-3p:0.463; mir-92a-3p:0.462,
163,mir-517b-3p,0.413357,0.511787,0.258636,0.666667,hsa-mir-517b,menor_em_doentes,-2.209469,0.471953,0.528047,-0.382974,0.981594,8.164967,0.000000,0.000000,42.35,40.33,mir-520c-3p:0.548; mir-93-5p:0.516; mir-99a-5p:0.480,
164,mir-517a-3p,0.413248,0.511787,0.258394,0.666667,hsa-mir-517a,menor_em_doentes,-2.207554,0.471995,0.528005,-0.382595,0.984225,8.164967,0.000000,0.000000,42.35,40.33,mir-520c-3p:0.548; mir-93-5p:0.516; mir-99a-5p:0.480,
165,mir-519c-3p,0.411956,0.557337,0.209974,0.666667,hsa-mir-519c,menor_em_doentes,-2.007823,0.494706,0.505294,-0.332244,0.280482,4.149776,0.000000,0.000000,19.49,18.07,mir-520c-3p:0.734; mir-1246:0.556; mir-20a-5p:0.515,
166,mir-92b-5p,0.405093,0.429577,0.396557,0.333333,hsa-mir-92b,maior_em_doentes,0.190302,0.185395,0.814605,-0.991561,974.391285,853.854452,100.234795,470.160542,100.00,100.00,mir-6875-5p:0.507; mir-4634:0.489; mir-6861-5p:0.471,
167,mir-4524a-3p,0.404701,0.488737,0.188375,1.000000,hsa-mir-4524a,menor_em_doentes,-0.866921,0.425346,0.574654,-0.547375,0.349385,1.460963,0.000000,0.000000,32.71,38.76,mir-31-5p:0.558; mir-21-5p:0.552; mir-20a-5p:0.461,
168,mir-642a-3p,0.402356,0.466581,0.205321,1.000000,hsa-mir-642a,sem_diferenca_clara,0.007049,0.633172,0.633172,0.381806,5.526080,5.494271,3.529176,1.452040,95.59,73.19,mir-6875-5p:0.648; mir-1246:0.541; mir-10b-5p:0.397,
169,mir-4524a-5p,0.400015,0.478325,0.188375,1.000000,hsa-mir-4524a,menor_em_doentes,-0.866921,0.425346,0.574654,-0.547375,0.349385,1.460963,0.000000,0.000000,32.71,38.76,mir-195-5p:0.548; mir-497-5p:0.520; mir-24-3p:0.507,
170,mir-190b-3p,0.396213,0.441952,0.290374,0.666667,hsa-mir-190b,maior_em_doentes,1.276061,0.629043,0.629043,0.454418,47.347643,18.963771,14.403155,5.156322,95.29,91.34,mir-19a-3p:0.531; mir-365a-3p:0.506; mir-19b-3p:0.495,
171,mir-514b-5p,0.390646,0.396807,0.397222,0.333333,hsa-mir-514b,menor_em_doentes,-4.620244,0.437652,0.562348,-0.451677,0.087855,25.754878,0.000000,0.000000,7.84,19.04,mir-31-5p:0.483; mir-6875-5p:0.466; mir-24-3p:0.463,
172,mir-130a-3p,0.387246,0.538511,0.173888,0.666667,hsa-mir-130a,maior_em_doentes,0.829411,0.424335,0.575665,-0.126808,222.894465,124.998587,71.285359,94.987103,100.00,99.93,mir-106a-5p:0.622; mir-17-5p:0.593; mir-19b-3p:0.587,
173,mir-219b-5p,0.385415,0.462312,0.171943,1.000000,hsa-mir-219b,menor_em_doentes,-0.237885,0.577781,0.577781,-0.045669,0.435552,0.692893,0.239160,0.000000,58.78,31.37,mir-205-5p:0.491; mir-145-5p:0.490; mir-139-5p:0.481,
174,mir-499a-3p,0.384620,0.499807,0.280829,0.333333,hsa-mir-499a,menor_em_doentes,-0.762760,0.615071,0.615071,-0.035025,1.265429,2.843831,0.260832,0.000000,59.45,26.21,mir-497-5p:0.575; mir-139-5p:0.536; mir-17-5p:0.527,
175,mir-520d-3p,0.382587,0.577614,0.124432,0.666667,hsa-mir-520d,sem_diferenca_clara,0.047859,0.574313,0.574313,0.164675,0.223939,0.184003,0.000000,0.000000,19.12,3.88,mir-373-3p:0.703; mir-520c-3p:0.653; mir-34a-5p:0.555,
176,mir-30b-3p,0.381763,0.489857,0.284432,0.333333,hsa-mir-30b,menor_em_doentes,-0.637372,0.316088,0.683912,-0.629861,646.881021,1006.774716,461.072636,780.408566,100.00,100.00,mir-382-5p:0.560; mir-6861-5p:0.555; mir-373-3p:0.552,
177,mir-130b-3p,0.381531,0.509360,0.190337,0.666667,hsa-mir-130b,maior_em_doentes,0.716872,0.597382,0.597382,0.360172,55.442378,33.340397,21.291891,15.895060,100.00,99.10,mir-19b-3p:0.571; mir-19a-3p:0.545; mir-31-5p:0.535,
178,mir-371a-3p,0.380854,0.520588,0.177607,0.666667,hsa-mir-371a,menor_em_doentes,-1.200363,0.535030,0.535030,-0.210939,0.725191,2.964446,0.000000,0.000000,13.67,5.90,mir-373-3p:0.559; mir-520c-3p:0.527; mir-93-5p:0.496,
179,mir-642a-5p,0.379123,0.489026,0.205321,0.666667,hsa-mir-642a,sem_diferenca_clara,0.007049,0.633172,0.633172,0.381806,5.526080,5.494271,3.529176,1.452040,95.59,73.19,mir-139-5p:0.536; mir-25-3p:0.527; mir-223-3p:0.508,
180,mir-365b-3p,0.376942,0.588133,0.101368,0.666667,hsa-mir-365b,maior_em_doentes,0.196513,0.567599,0.567599,0.316234,132.917267,115.863877,94.447211,81.169946,100.00,99.70,mir-365a-3p:1.000; mir-19a-3p:0.479; mir-19b-3p:0.476,
181,mir-15b-5p,0.374069,0.533998,0.075044,1.000000,hsa-mir-15b,maior_em_doentes,0.292504,0.538161,0.538161,0.138253,437.881298,357.339509,196.157311,181.532379,100.00,100.00,mir-497-5p:0.669; mir-195-5p:0.630; mir-16-5p:0.550,
182,mir-551b-3p,0.373512,0.440013,0.167791,1.000000,hsa-mir-551b,menor_em_doentes,-1.080554,0.497395,0.502605,-0.272067,2.018147,5.382925,0.950729,1.154771,82.00,53.70,mir-223-3p:0.467; mir-451a:0.436; mir-145-5p:0.431,
183,mir-219b-3p,0.372126,0.506855,0.171943,0.666667,hsa-mir-219b,menor_em_doentes,-0.237885,0.577781,0.577781,-0.045669,0.435552,0.692893,0.239160,0.000000,58.78,31.37,mir-1246:0.519; mir-373-3p:0.461; mir-223-3p:0.447,
184,mir-20b-3p,0.364958,0.514713,0.222232,0.333333,hsa-mir-20b,maior_em_doentes,1.048066,0.583416,0.583416,0.371353,60.111460,28.554486,17.226770,14.042543,99.85,91.19,mir-6861-5p:0.526; mir-497-5p:0.485; let-7a-5p:0.480,
185,mir-518b,0.364530,0.518397,0.217596,0.333333,hsa-mir-518b,menor_em_doentes,-0.505810,0.600096,0.600096,0.017041,0.955514,1.776675,0.000000,0.000000,41.00,17.55,mir-520c-3p:0.625; mir-125a-5p:0.480; mir-191-5p:0.466,
186,mir-130b-5p,0.360150,0.461847,0.190337,0.666667,hsa-mir-130b,maior_em_doentes,0.716872,0.597382,0.597382,0.360172,55.442378,33.340397,21.291891,15.895060,100.00,99.10,mir-92a-3p:0.596; mir-25-3p:0.537; mir-125a-5p:0.522,
187,mir-519b-5p,0.359435,0.444934,0.279736,0.333333,hsa-mir-519b,menor_em_doentes,-2.107834,0.455983,0.544017,-0.378820,0.076632,3.640754,0.000000,0.000000,8.14,16.21,mir-520c-3p:0.556; mir-373-3p:0.395; mir-31-5p:0.395,
188,mir-30b-5p,0.359288,0.439912,0.284432,0.333333,hsa-mir-30b,menor_em_doentes,-0.637372,0.316088,0.683912,-0.629861,646.881021,1006.774716,461.072636,780.408566,100.00,100.00,mir-200a-3p:0.473; mir-139-5p:0.458; mir-24-3p:0.449,
189,mir-513c-5p,0.356214,0.457626,0.185812,0.666667,hsa-mir-513c,menor_em_doentes,-1.586721,0.515647,0.515647,-0.202700,0.327741,2.988080,0.000000,0.000000,16.13,11.95,mir-382-5p:0.507; let-7b-5p:0.482; mir-373-3p:0.479,
190,mir-551b-5p,0.355710,0.474527,0.167791,0.666667,hsa-mir-551b,menor_em_doentes,-1.080554,0.497395,0.502605,-0.272067,2.018147,5.382925,0.950729,1.154771,82.00,53.70,mir-206:0.467; mir-191-5p:0.447; mir-210-3p:0.444,
191,mir-521,0.353685,0.513704,0.050041,1.000000,hsa-mir-521-1; hsa-mir-521-2,sem_diferenca_clara,0.017039,0.529576,0.529576,-0.011494,0.138121,0.124759,0.000000,0.000000,12.62,6.20,mir-520c-3p:0.629; mir-125a-5p:0.541; mir-125b-5p:0.489,
192,mir-517c-3p,0.353257,0.524251,0.112617,0.666667,hsa-mir-517c,menor_em_doentes,-1.022132,0.491828,0.508172,-0.302984,0.163474,1.362920,0.000000,0.000000,17.92,17.63,mir-520c-3p:0.632; mir-93-5p:0.515; mir-373-3p:0.492,
193,mir-518e-5p,0.352896,0.444934,0.265205,0.333333,hsa-mir-518e,menor_em_doentes,-1.475650,0.570650,0.570650,-0.122959,0.591997,3.427487,0.000000,0.000000,28.08,11.65,mir-520c-3p:0.556; mir-373-3p:0.395; mir-31-5p:0.395,
194,mir-551a,0.352711,0.430697,0.130883,1.000000,hsa-mir-551a,maior_em_doentes,0.075280,0.572923,0.572923,0.069193,0.567990,0.488270,0.000000,0.000000,40.10,22.18,mir-205-5p:0.515; mir-145-5p:0.513; mir-425-5p:0.448,
195,mir-130a-5p,0.349233,0.454037,0.173888,0.666667,hsa-mir-130a,maior_em_doentes,0.829411,0.424335,0.575665,-0.126808,222.894465,124.998587,71.285359,94.987103,100.00,99.93,mir-25-3p:0.522; mir-181b-5p:0.483; mir-520c-3p:0.447,
196,mir-148a-5p,0.346399,0.485265,0.062289,1.000000,hsa-mir-148a,menor_em_doentes,-0.612947,0.499171,0.500829,0.074078,49091.756010,75080.509556,34877.014124,38839.467793,100.00,100.00,mir-425-5p:0.546; mir-125b-5p:0.501; mir-125a-5p:0.458,
197,mir-6715a-3p,0.345263,0.495103,0.124000,0.666667,hsa-mir-6715a,menor_em_doentes,-0.248797,0.558329,0.558329,-0.017090,0.369816,0.627637,0.000000,0.000000,31.52,16.95,mir-93-5p:0.552; mir-139-5p:0.521; mir-19b-3p:0.480,
198,mir-515-5p,0.345080,0.458294,0.160402,0.666667,hsa-mir-515-1; hsa-mir-515-2,menor_em_doentes,-0.662389,0.556313,0.556313,-0.174952,0.139709,0.803820,0.000000,0.000000,24.12,10.83,mir-191-5p:0.586; mir-19b-3p:0.469; mir-19a-3p:0.465,
199,mir-519a-5p,0.344564,0.444934,0.246689,0.333333,hsa-mir-519a-1; hsa-mir-519a-2,maior_em_doentes,0.151516,0.633575,0.633575,0.063011,4.857172,4.273236,0.198450,0.000000,62.58,26.96,mir-520c-3p:0.556; mir-373-3p:0.395; mir-31-5p:0.395,
200,mir-513a-3p,0.339999,0.472836,0.208642,0.333333,hsa-mir-513a-1; hsa-mir-513a-2,menor_em_doentes,-1.852116,0.484333,0.515667,-0.292820,0.083302,2.911038,0.000000,0.000000,9.71,12.02,mir-520c-3p:0.523; mir-125a-5p:0.481; mir-205-5p:0.455,
201,mir-520c-5p,0.331239,0.454041,0.133897,0.666667,hsa-mir-520c,menor_em_doentes,-0.952225,0.475613,0.524387,-0.207645,0.158624,1.241770,0.000000,0.000000,15.46,20.16,mir-520c-3p:0.533; mir-25-3p:0.454; mir-24-3p:0.401,
202,mir-513a-5p,0.330678,0.452123,0.208642,0.333333,hsa-mir-513a-1; hsa-mir-513a-2,menor_em_doentes,-1.852116,0.484333,0.515667,-0.292820,0.083302,2.911038,0.000000,0.000000,9.71,12.02,mir-6875-5p:0.517; mir-24-3p:0.510; mir-181b-5p:0.496,
203,mir-515-3p,0.330529,0.500032,0.160402,0.333333,hsa-mir-515-1; hsa-mir-515-2,menor_em_doentes,-0.662389,0.556313,0.556313,-0.174952,0.139709,0.803820,0.000000,0.000000,24.12,10.83,mir-520c-3p:0.599; mir-373-3p:0.585; mir-1246:0.577,
204,mir-519e-3p,0.330190,0.562344,0.023263,0.666667,hsa-mir-519e,sem_diferenca_clara,0.018184,0.513390,0.513390,0.122600,0.019346,0.006578,0.000000,0.000000,3.21,0.52,mir-520c-3p:0.753; mir-373-3p:0.529; mir-20a-5p:0.513,
205,mir-20a-3p,0.330065,0.479816,0.031439,1.000000,hsa-mir-20a,maior_em_doentes,0.182490,0.510369,0.510369,0.078075,393.444895,346.577304,168.211122,170.016439,100.00,99.63,mir-195-5p:0.486; mir-16-5p:0.476; mir-21-5p:0.476,
206,mir-193b-3p,0.328210,0.454114,0.053018,1.000000,hsa-mir-193b,maior_em_doentes,0.150583,0.468989,0.531011,0.058592,266.428724,239.922861,117.573349,151.427422,100.00,99.63,mir-191-5p:0.483; mir-92a-3p:0.467; mir-125b-5p:0.452,
207,mir-519c-5p,0.328042,0.444934,0.209974,0.333333,hsa-mir-519c,menor_em_doentes,-2.007823,0.494706,0.505294,-0.332244,0.280482,4.149776,0.000000,0.000000,19.49,18.07,mir-520c-3p:0.556; mir-373-3p:0.395; mir-31-5p:0.395,
208,mir-15b-3p,0.327457,0.430415,0.075044,1.000000,hsa-mir-15b,maior_em_doentes,0.292504,0.538161,0.538161,0.138253,437.881298,357.339509,196.157311,181.532379,100.00,100.00,mir-181b-5p:0.474; mir-25-3p:0.441; mir-21-5p:0.430,
209,mir-513c-3p,0.323392,0.458762,0.185812,0.333333,hsa-mir-513c,menor_em_doentes,-1.586721,0.515647,0.515647,-0.202700,0.327741,2.988080,0.000000,0.000000,16.13,11.95,mir-520c-3p:0.501; mir-125a-5p:0.499; mir-205-5p:0.443,
210,let-7b-3p,0.319313,0.399301,0.088060,1.000000,hsa-let-7b,maior_em_doentes,0.155567,0.560420,0.560420,0.231726,30194.451466,27107.848537,25218.095243,21233.108015,100.00,100.00,mir-125a-5p:0.514; mir-125b-5p:0.496; mir-365a-3p:0.471,
211,mir-371a-5p,0.317694,0.454305,0.177607,0.333333,hsa-mir-371a,menor_em_doentes,-1.200363,0.535030,0.535030,-0.210939,0.725191,2.964446,0.000000,0.000000,13.67,5.90,mir-6861-5p:0.589; mir-497-5p:0.449; mir-19a-3p:0.445,
212,mir-520f-5p,0.317648,0.420903,0.210908,0.333333,hsa-mir-520f,maior_em_doentes,0.392623,0.606942,0.606942,0.393686,0.364368,0.039298,0.000000,0.000000,23.30,1.64,mir-520c-3p:0.505; mir-191-5p:0.409; mir-365a-3p:0.387,
213,mir-892b,0.317144,0.498346,0.058271,0.666667,hsa-mir-892b,menor_em_doentes,-0.279546,0.480960,0.519040,-0.244504,0.013013,0.229608,0.000000,0.000000,2.09,5.83,mir-6861-5p:0.646; mir-520c-3p:0.500; mir-34a-5p:0.474,
214,mir-892c-5p,0.316940,0.491366,0.064797,0.666667,hsa-mir-892c,menor_em_doentes,-0.148571,0.468714,0.531286,-0.313386,0.007004,0.116235,0.000000,0.000000,1.12,7.32,mir-24-3p:0.550; mir-17-5p:0.523; mir-106a-5p:0.519,
215,mir-148a-3p,0.305028,0.541478,0.062289,0.333333,hsa-mir-148a,menor_em_doentes,-0.612947,0.499171,0.500829,0.074078,49091.756010,75080.509556,34877.014124,38839.467793,100.00,100.00,mir-139-5p:0.616; mir-17-5p:0.581; mir-497-5p:0.559,
216,mir-365b-5p,0.291658,0.472686,0.101368,0.333333,hsa-mir-365b,maior_em_doentes,0.196513,0.567599,0.567599,0.316234,132.917267,115.863877,94.447211,81.169946,100.00,99.70,mir-6861-5p:0.588; mir-24-3p:0.556; mir-6875-5p:0.521,
217,mir-520d-5p,0.286199,0.437493,0.124432,0.333333,hsa-mir-520d,sem_diferenca_clara,0.047859,0.574313,0.574313,0.164675,0.223939,0.184003,0.000000,0.000000,19.12,3.88,mir-520c-3p:0.513; mir-191-5p:0.487; mir-365a-3p:0.423,
218,mir-892c-3p,0.280936,0.485432,0.064797,0.333333,hsa-mir-892c,menor_em_doentes,-0.148571,0.468714,0.531286,-0.313386,0.007004,0.116235,0.000000,0.000000,1.12,7.32,mir-520c-3p:0.536; mir-205-5p:0.523; mir-125a-5p:0.515,
219,mir-365a-5p,0.255968,0.481594,0.013149,0.333333,hsa-mir-365a,menor_em_doentes,-0.088379,0.503219,0.503219,0.104573,132.942407,141.404214,95.353461,100.604507,100.00,99.78,mir-373-3p:0.609; mir-6861-5p:0.601; mir-1246:0.575,
220,mir-193b-5p,0.255671,0.441066,0.053018,0.333333,hsa-mir-193b,maior_em_doentes,0.150583,0.468989,0.531011,0.058592,266.428724,239.922861,117.573349,151.427422,100.00,99.63,mir-373-3p:0.552; mir-1246:0.520; mir-6875-5p:0.487,
221,mir-519e-5p,0.243620,0.444040,0.023263,0.333333,hsa-mir-519e,sem_diferenca_clara,0.018184,0.513390,0.513390,0.122600,0.019346,0.006578,0.000000,0.000000,3.21,0.52,mir-191-5p:0.518; mir-520c-3p:0.500; mir-205-5p:0.458,