rank,mirna,accession,sequence,score_hipotese,similaridade_centroide,similaridade_marcador_mais_proximo,cobertura_motifs,similaridade_seed,marcadores_mais_proximos,motifs_compartilhados,features_expressao_associadas,baseline_expression_weight_max_abs,baseline_expression_direction
1,mir-449a,MIMAT0001541,UGGCAGUGUAUUGUUAGCUGGU,0.649978,0.681852,0.836207,0.000000,1.000000,mir-34a-5p:0.836; let-7b-5p:0.598; mir-93-5p:0.547,,hsa-mir-449a,0.030768,peso_baseline_positivo
2,mir-20b-5p,MIMAT0001413,CAAAGUGCUCAUAGUGCAGGUAG,0.638055,0.652984,0.846254,0.000000,1.000000,mir-20a-5p:0.846; mir-17-5p:0.844; mir-106a-5p:0.814,,hsa-mir-20b,0.018647,peso_baseline_positivo
3,let-7i-5p,MIMAT0000415,UGAGGUAGUAGUUUGUGCUGUU,0.631641,0.661553,0.803459,0.000000,1.000000,let-7b-5p:0.803; let-7a-5p:0.790; mir-93-5p:0.654,,hsa-let-7i,0.078986,peso_baseline_negativo
4,let-7c-5p,MIMAT0000064,UGAGGUAGUAGGUUGUAUGGUU,0.629712,0.602381,0.914088,0.000000,1.000000,let-7a-5p:0.914; let-7b-5p:0.898; mir-34a-5p:0.550,,hsa-let-7c,0.095136,peso_baseline_positivo
5,mir-526b-3p,MIMAT0002836,GAAAGUGCUUCCUUUUAGAGGC,0.627031,0.591099,0.925926,0.000000,1.000000,mir-520c-3p:0.926; mir-373-3p:0.571; mir-106a-5p:0.549,,hsa-mir-526b,0.036038,peso_baseline_positivo
6,let-7e-5p,MIMAT0000066,UGAGGUAGGAGGUUGUAUAGUU,0.622902,0.585967,0.919675,0.000000,1.000000,let-7a-5p:0.920; let-7b-5p:0.798; mir-20a-5p:0.555,,hsa-let-7e,0.083261,peso_baseline_positivo
7,mir-15a-5p,MIMAT0000068,UAGCAGCACAUAAUGGUUUGUG,0.619712,0.656105,0.766639,0.000000,1.000000,mir-497-5p:0.767; mir-195-5p:0.654; mir-16-5p:0.617,,hsa-mir-15a,0.075165,peso_baseline_positivo
8,let-7f-5p,MIMAT0000067,UGAGGUAGUAGAUUGUAUAGUU,0.617935,0.582976,0.905789,0.000000,1.000000,let-7a-5p:0.906; let-7b-5p:0.710; mir-20a-5p:0.603,,hsa-let-7f-1; hsa-let-7f-2,0.094119,peso_baseline_positivo
9,mir-106b-5p,MIMAT0000680,UAAAGUGCUGACAGUGCAGAU,0.613361,0.650412,0.752618,0.000000,1.000000,mir-106a-5p:0.753; mir-17-5p:0.750; mir-20a-5p:0.689,,hsa-mir-106b,0.092987,peso_baseline_positivo
10,mir-302a-3p,MIMAT0000684,UAAGUGCUUCCAUGUUUUGGUGA,0.612231,0.672717,0.703491,0.000000,1.000000,mir-373-3p:0.703; mir-520c-3p:0.616; mir-382-5p:0.542,,hsa-mir-302a,0.015149,peso_baseline_negativo
11,mir-34c-5p,MIMAT0000686,AGGCAGUGUAGUUAGCUGAUUGC,0.609526,0.675781,0.686539,0.000000,1.000000,mir-34a-5p:0.687; let-7a-5p:0.596; mir-20a-5p:0.588,,hsa-mir-34c,0.003213,peso_baseline_negativo
12,mir-520f-3p,MIMAT0002830,AAGUGCUUCCUUUUAGAGGGUU,0.608806,0.592598,0.964316,0.000000,0.714286,mir-520c-3p:0.964; mir-373-3p:0.633; mir-20a-5p:0.522,,hsa-mir-520f,0.019584,peso_baseline_positivo
13,let-7g-5p,MIMAT0000414,UGAGGUAGUAGUUUGUACAGUU,0.608726,0.596839,0.841226,0.000000,1.000000,let-7a-5p:0.841; let-7b-5p:0.736; mir-17-5p:0.559,,hsa-let-7g,0.073477,peso_baseline_negativo
14,let-7d-5p,MIMAT0000065,AGAGGUAGUAGGUUGCAUAGUU,0.608266,0.576982,0.879101,0.000000,1.000000,let-7a-5p:0.879; let-7b-5p:0.758; mir-20a-5p:0.628,,hsa-let-7d,0.035273,peso_baseline_negativo
15,mir-519b-3p,MIMAT0002837,AAAGUGCAUCCUUUUAGAGGUU,0.606205,0.631290,0.819382,0.000000,0.857143,mir-520c-3p:0.819; mir-106a-5p:0.573; mir-20a-5p:0.569,,hsa-mir-519b,0.010297,peso_baseline_negativo
16,mir-519a-3p,MIMAT0002869,AAAGUGCAUCCUUUUAGAGUGU,0.600079,0.649100,0.759259,0.000000,0.857143,mir-520c-3p:0.759; mir-106a-5p:0.608; mir-20a-5p:0.603,,hsa-mir-519a-1; hsa-mir-519a-2,0.013600,peso_baseline_positivo
17,mir-520a-3p,MIMAT0002834,AAAGUGCUUCCCUUUGGACUGU,0.597276,0.654869,0.679366,0.000000,1.000000,mir-520c-3p:0.679; mir-373-3p:0.609; mir-125a-5p:0.552,,hsa-mir-520a,0.013289,peso_baseline_positivo
18,mir-302d-3p,MIMAT0000718,UAAGUGCUUCCAUGUUUGAGUGU,0.593584,0.677240,0.619856,0.000000,1.000000,mir-373-3p:0.620; mir-520c-3p:0.584; mir-93-5p:0.583,,hsa-mir-302d,0.012170,peso_baseline_negativo
19,mir-302b-3p,MIMAT0000715,UAAGUGCUUCCAUGUUUUAGUAG,0.589049,0.635518,0.685160,0.000000,1.000000,mir-520c-3p:0.685; mir-20a-5p:0.636; mir-17-5p:0.573,,hsa-mir-302b,0.011979,peso_baseline_negativo
20,mir-365b-3p,MIMAT0022834,UAAUGCCCCUAAAAAUCCUUAU,0.588133,0.476267,1.000000,0.000000,1.000000,mir-365a-3p:1.000; mir-19a-3p:0.479; mir-19b-3p:0.476,,hsa-mir-365b,0.018430,peso_baseline_positivo
21,mir-181a-5p,MIMAT0000256,AACAUUCAACGCUGUCGGUGAGU,0.579203,0.595272,0.726270,0.000000,1.000000,mir-181b-5p:0.726; mir-200a-3p:0.496; mir-25-3p:0.472,,hsa-mir-181a-1; hsa-mir-181a-2,0.092961,peso_baseline_positivo
22,mir-520d-3p,MIMAT0002856,AAAGUGCUUCUCUUUGGUGGGU,0.577614,0.603976,0.702503,0.000000,1.000000,mir-373-3p:0.703; mir-520c-3p:0.653; mir-34a-5p:0.555,,hsa-mir-520d,0.012082,peso_baseline_positivo
23,mir-18a-5p,MIMAT0000072,UAAGGUGCAUCUAGUGCAGAUAG,0.567051,0.610940,0.703469,0.000000,0.857143,mir-20a-5p:0.703; mir-17-5p:0.635; mir-106a-5p:0.622,,hsa-mir-18a,0.017353,peso_baseline_negativo
24,mir-138-5p,MIMAT0000430,AGCUGGUGUUGUGAAUCAGGCCG,0.563257,0.689105,0.646245,0.000000,0.571429,mir-34a-5p:0.646; mir-210-3p:0.581; let-7b-5p:0.562,,hsa-mir-138-1; hsa-mir-138-2,0.037157,peso_baseline_negativo
25,mir-519e-3p,MIMAT0002829,AAGUGCCUCCUUUUAGAGUGUU,0.562344,0.605356,0.752950,0.000000,0.714286,mir-520c-3p:0.753; mir-373-3p:0.529; mir-20a-5p:0.513,,hsa-mir-519e,0.003974,peso_baseline_positivo
26,mir-301a-3p,MIMAT0000688,CAGUGCAAUAGUAUUGUCAAAGC,0.558925,0.653589,0.642808,0.000000,0.714286,mir-17-5p:0.643; mir-20a-5p:0.625; mir-106a-5p:0.614,,hsa-mir-301a,0.035210,peso_baseline_positivo
27,mir-519c-3p,MIMAT0002832,AAAGUGCAUCUUUUUAGAGGAU,0.557337,0.576257,0.733976,0.000000,0.857143,mir-520c-3p:0.734; mir-1246:0.556; mir-20a-5p:0.515,,hsa-mir-519c,0.009314,peso_baseline_negativo
28,mir-29b-3p,MIMAT0000100,UAGCACCAUUUGAAAUCAGUGUU,0.553055,0.663240,0.542882,0.000000,0.857143,mir-195-5p:0.543; mir-223-3p:0.524; mir-497-5p:0.506,,hsa-mir-29b-1,0.070265,peso_baseline_positivo
29,mir-323b-5p,MIMAT0001630,AGGUUGUCCGUGGUGAGUUCGCA,0.551189,0.637286,0.701613,0.000000,0.571429,mir-382-5p:0.702; let-7b-5p:0.670; mir-34a-5p:0.584,,hsa-mir-323b,0.067905,peso_baseline_positivo
30,mir-499a-5p,MIMAT0002870,UUAAGACUUGCAGUGAUGUUU,0.548419,0.648920,0.610122,0.000000,0.714286,mir-21-5p:0.610; mir-34a-5p:0.497; mir-373-3p:0.489,,hsa-mir-499a,0.014190,peso_baseline_positivo
31,mir-200c-5p,MIMAT0004657,CGUCUUACCCAGCAGUGUUUGG,0.547197,0.664426,0.631364,0.000000,0.571429,mir-34a-5p:0.631; mir-497-5p:0.588; mir-223-3p:0.552,,hsa-mir-200c,0.048693,peso_baseline_positivo
32,mir-196a-5p,MIMAT0000226,UAGGUAGUUUCAUGUUGUUGGG,0.546831,0.603844,0.693921,0.000000,0.714286,let-7b-5p:0.694; let-7a-5p:0.691; mir-382-5p:0.554,,hsa-mir-196a-1; hsa-mir-196a-2,0.045632,peso_baseline_positivo
33,mir-301b-3p,MIMAT0004958,CAGUGCAAUGAUAUUGUCAAAGC,0.545377,0.653349,0.589094,0.000000,0.714286,mir-19b-3p:0.589; mir-19a-3p:0.585; mir-17-5p:0.563,,hsa-mir-301b,0.024671,peso_baseline_positivo
34,mir-92b-3p,MIMAT0003218,UAUUGCACUCGUCCCGGCCUCC,0.541804,0.508538,0.750139,0.000000,1.000000,mir-92a-3p:0.750; mir-25-3p:0.500; mir-205-5p:0.472,,hsa-mir-92b,0.016474,peso_baseline_negativo
35,mir-512-3p,MIMAT0002823,AAGUGCUGUCAUAGCUGAGGUC,0.541502,0.652734,0.631968,0.000000,0.571429,mir-93-5p:0.632; mir-34a-5p:0.575; mir-20a-5p:0.564,,hsa-mir-512-1; hsa-mir-512-2,0.010599,peso_baseline_positivo
36,mir-148a-3p,MIMAT0000243,UCAGUGCACUACAGAACUUUGU,0.541478,0.631892,0.616411,0.000000,0.714286,mir-139-5p:0.616; mir-17-5p:0.581; mir-497-5p:0.559,,hsa-mir-148a,0.022839,peso_baseline_negativo
37,mir-130a-3p,MIMAT0000425,CAGUGCAAUGUUAAAAGGGCAU,0.538511,0.623387,0.621556,0.000000,0.714286,mir-106a-5p:0.622; mir-17-5p:0.593; mir-19b-3p:0.587,,hsa-mir-130a,0.010524,peso_baseline_positivo
38,mir-487a-5p,MIMAT0026559,GUGGUUAUCCCUGCUGUGUUCG,0.535629,0.639057,0.578690,0.000000,0.714286,mir-382-5p:0.579; mir-34a-5p:0.573; mir-93-5p:0.551,,hsa-mir-487a,0.027213,peso_baseline_negativo
39,mir-146b-3p,MIMAT0004766,GCCCUGUGGACUCAGUUCUGGU,0.535366,0.624249,0.550108,0.000000,0.857143,mir-34a-5p:0.550; mir-125a-5p:0.498; mir-382-5p:0.488,,hsa-mir-146b,0.079121,peso_baseline_positivo
40,mir-216b-5p,MIMAT0004959,AAAUCUCUGCAGGCAAAUGUGA,0.534948,0.599695,0.711832,0.000000,0.571429,mir-19a-3p:0.712; mir-19b-3p:0.676; mir-191-5p:0.500,,hsa-mir-216b,0.031178,peso_baseline_negativo
41,mir-15b-5p,MIMAT0000417,UAGCAGCACAUCAUGGUUUACA,0.533998,0.533274,0.669444,0.000000,1.000000,mir-497-5p:0.669; mir-195-5p:0.630; mir-16-5p:0.550,,hsa-mir-15b,0.005622,peso_baseline_positivo
42,mir-514b-3p,MIMAT0015088,AUUGACACCUCUGUGAGUGGA,0.533581,0.611335,0.568796,0.000000,0.857143,mir-210-3p:0.569; mir-125a-5p:0.533; mir-125b-5p:0.529,,hsa-mir-514b,0.010140,peso_baseline_negativo
43,mir-509-3p,MIMAT0002881,UGAUUGGUACGUCUGUGGGUAG,0.528547,0.620953,0.643712,0.000000,0.571429,let-7b-5p:0.644; mir-6861-5p:0.556; mir-200a-3p:0.539,,hsa-mir-509-3,0.012198,peso_baseline_negativo
44,mir-514a-3p,MIMAT0002883,AUUGACACUUCUGUGAGUAGA,0.527867,0.619252,0.530106,0.000000,0.857143,mir-21-5p:0.530; mir-210-3p:0.510; mir-125b-5p:0.502,,hsa-mir-514a-1; hsa-mir-514a-2; hsa-mir-514a-3,0.024665,peso_baseline_negativo
45,mir-199a-3p,MIMAT0000232,ACAGUAGUCUGCACAUUGGUUA,0.525710,0.631177,0.554770,0.000000,0.714286,mir-139-5p:0.555; mir-497-5p:0.550; mir-17-5p:0.537,,hsa-mir-199a-1; hsa-mir-199a-2,0.043176,peso_baseline_positivo
46,mir-199b-3p,MIMAT0004563,ACAGUAGUCUGCACAUUGGUUA,0.525710,0.631177,0.554770,0.000000,0.714286,mir-139-5p:0.555; mir-497-5p:0.550; mir-17-5p:0.537,,hsa-mir-199b,0.067659,peso_baseline_positivo
47,mir-517c-3p,MIMAT0002866,AUCGUGCAUCCUUUUAGAGUGU,0.524251,0.618123,0.632188,0.000000,0.571429,mir-520c-3p:0.632; mir-93-5p:0.515; mir-373-3p:0.492,,hsa-mir-517c,0.004667,peso_baseline_negativo
48,mir-148b-3p,MIMAT0000759,UCAGUGCAUCACAGAACUUUGU,0.521045,0.620116,0.558234,0.000000,0.714286,mir-24-3p:0.558; mir-139-5p:0.550; mir-497-5p:0.545,,hsa-mir-148b,0.072547,peso_baseline_negativo
49,mir-371a-3p,MIMAT0000723,AAGUGCCGCCAUCUUUUGAGUGU,0.520588,0.618618,0.559402,0.000000,0.714286,mir-373-3p:0.559; mir-520c-3p:0.527; mir-93-5p:0.496,,hsa-mir-371a,0.002486,peso_baseline_positivo
50,mir-7-5p,MIMAT0000252,UGGAAGACUAGUGAUUUUGUUGUU,0.518445,0.620406,0.604398,0.000000,0.571429,mir-373-3p:0.604; mir-382-5p:0.595; mir-1246:0.547,,hsa-mir-7-1; hsa-mir-7-2; hsa-mir-7-3,0.043193,peso_baseline_negativo
51,mir-518b,MIMAT0002844,CAAAGCGCUCCCCUUUAGAGGU,0.518397,0.552634,0.625463,0.000000,0.857143,mir-520c-3p:0.625; mir-125a-5p:0.480; mir-191-5p:0.466,,hsa-mir-518b,0.010190,peso_baseline_positivo
52,mir-27b-5p,MIMAT0004588,AGAGCUUAGCUGAUUGGUGAAC,0.517490,0.609152,0.623085,0.000000,0.571429,mir-21-5p:0.623; mir-34a-5p:0.540; mir-31-5p:0.473,,hsa-mir-27b,0.059101,peso_baseline_negativo
53,mir-103a-3p,MIMAT0000101,AGCAGCAUUGUACAGGGCUAUGA,0.516736,0.603550,0.631271,0.000000,0.571429,mir-195-5p:0.631; mir-497-5p:0.572; mir-16-5p:0.568,,hsa-mir-103a-1; hsa-mir-103a-2,0.091107,peso_baseline_positivo
54,mir-106b-3p,MIMAT0004672,CCGCACUGUGGGUACUUGCUGC,0.516320,0.602301,0.574962,0.000000,0.714286,mir-92a-3p:0.575; mir-497-5p:0.534; mir-210-3p:0.530,,hsa-mir-106b,0.092987,peso_baseline_positivo
55,mir-20b-3p,MIMAT0004752,ACUGUAGUAUGGGCACUUCCAG,0.514713,0.623782,0.525575,0.000000,0.714286,mir-6861-5p:0.526; mir-497-5p:0.485; let-7a-5p:0.480,,hsa-mir-20b,0.018647,peso_baseline_positivo
56,mir-29c-3p,MIMAT0000681,UAGCACCAUUUGAAAUCGGUUA,0.514436,0.599222,0.516444,0.000000,0.857143,mir-195-5p:0.516; mir-16-5p:0.496; mir-451a:0.492,,hsa-mir-29c,0.065362,peso_baseline_positivo
57,mir-521,MIMAT0002854,AACGCACUUCCCUUUAGAGUGU,0.513704,0.598852,0.628539,0.000000,0.571429,mir-520c-3p:0.629; mir-125a-5p:0.541; mir-125b-5p:0.489,,hsa-mir-521-1; hsa-mir-521-2,0.003489,peso_baseline_positivo
58,mir-27b-3p,MIMAT0000419,UUCACAGUGGCUAAGUUCUGC,0.512637,0.604544,0.555746,0.000000,0.714286,mir-24-3p:0.556; mir-17-5p:0.529; mir-139-5p:0.528,,hsa-mir-27b,0.059101,peso_baseline_negativo
59,mir-517a-3p,MIMAT0002852,AUCGUGCAUCCCUUUAGAGUGU,0.511787,0.635046,0.548483,0.000000,0.571429,mir-520c-3p:0.548; mir-93-5p:0.516; mir-99a-5p:0.480,,hsa-mir-517a,0.009087,peso_baseline_negativo
60,mir-517b-3p,MIMAT0002857,AUCGUGCAUCCCUUUAGAGUGU,0.511787,0.635046,0.548483,0.000000,0.571429,mir-520c-3p:0.548; mir-93-5p:0.516; mir-99a-5p:0.480,,hsa-mir-517b,0.009098,peso_baseline_negativo
61,mir-509-5p,MIMAT0004779,UACUGCAGACAGUGGCAAUCA,0.510841,0.597574,0.562500,0.000000,0.714286,mir-17-5p:0.562; mir-24-3p:0.544; mir-106a-5p:0.523,,hsa-mir-509-3,0.012198,peso_baseline_negativo
62,mir-194-5p,MIMAT0000460,UGUAACAGCAACUCCAUGUGGA,0.509785,0.631260,0.548048,0.000000,0.571429,mir-200a-3p:0.548; mir-19b-3p:0.546; mir-497-5p:0.543,,hsa-mir-194-1; hsa-mir-194-2,0.032379,peso_baseline_negativo
63,mir-99b-5p,MIMAT0000689,CACCCGUAGAACCGACCUUGCG,0.509534,0.497374,0.625000,0.030644,1.000000,mir-10b-5p:0.625; mir-99a-5p:0.593; mir-125a-5p:0.500,UAGAA,hsa-mir-99b,0.067295,peso_baseline_positivo
64,mir-130b-3p,MIMAT0000691,CAGUGCAAUGAUGAAAGGGCAU,0.509360,0.590161,0.571405,0.000000,0.714286,mir-19b-3p:0.571; mir-19a-3p:0.545; mir-31-5p:0.535,,hsa-mir-130b,0.019516,peso_baseline_positivo
65,mir-518e-3p,MIMAT0002861,AAAGCGCUUCCCUUCAGAGUG,0.508982,0.554930,0.583212,0.000000,0.857143,mir-520c-3p:0.583; mir-205-5p:0.500; mir-145-5p:0.464,,hsa-mir-518e,0.000035,peso_baseline_negativo
66,mir-27a-5p,MIMAT0004501,AGGGCUUAGCUGCUUGUGAGCA,0.508136,0.601820,0.600334,0.000000,0.571429,mir-34a-5p:0.600; mir-31-5p:0.565; mir-210-3p:0.516,,hsa-mir-27a,0.064370,peso_baseline_negativo
67,mir-219b-3p,MIMAT0019748,AGAAUUGCGUUUGGACAAUCAGU,0.506855,0.611419,0.518868,0.000000,0.714286,mir-1246:0.519; mir-373-3p:0.461; mir-223-3p:0.447,,hsa-mir-219b,0.000226,peso_baseline_negativo
68,mir-194-3p,MIMAT0004671,CCAGUGGGGCUGCUGUUAUCUG,0.506480,0.608065,0.581218,0.000000,0.571429,mir-34a-5p:0.581; mir-6861-5p:0.579; mir-181b-5p:0.513,,hsa-mir-194-1; hsa-mir-194-2,0.032379,peso_baseline_negativo
69,mir-153-5p,MIMAT0026480,UCAUUUUUGUGAUGUUGCAGCU,0.505831,0.611999,0.570756,0.000000,0.571429,mir-1246:0.571; mir-373-3p:0.552; mir-21-5p:0.547,,hsa-mir-153-1; hsa-mir-153-2,0.029015,peso_baseline_positivo
70,mir-1185-5p,MIMAT0005798,AGAGGAUACCCUUUGUAUGUU,0.505805,0.602681,0.568994,0.033821,0.571429,mir-10b-5p:0.569; mir-125a-5p:0.507; let-7a-5p:0.502,ACCCU,hsa-mir-1185-1; hsa-mir-1185-2,0.034130,peso_baseline_negativo
71,mir-30d-3p,MIMAT0004551,CUUUCAGUCAGAUGUUUGCUGC,0.504554,0.592799,0.546903,0.000000,0.714286,mir-21-5p:0.547; mir-24-3p:0.496; mir-223-3p:0.492,,hsa-mir-30d,0.090097,peso_baseline_positivo
72,mir-30a-3p,MIMAT0000088,CUUUCAGUCGGAUGUUUGCAGC,0.504102,0.603674,0.523344,0.000000,0.714286,mir-24-3p:0.523; mir-497-5p:0.519; mir-1246:0.500,,hsa-mir-30a,0.081497,peso_baseline_positivo
73,mir-487b-5p,MIMAT0026614,GUGGUUAUCCCUGUCCUGUUCG,0.503930,0.584946,0.560112,0.000000,0.714286,mir-92a-3p:0.560; mir-125a-5p:0.534; mir-382-5p:0.532,,hsa-mir-487b,0.049733,peso_baseline_negativo
74,mir-200a-5p,MIMAT0001620,CAUCUUACCGGACAGUGCUGGA,0.503802,0.606723,0.516047,0.000000,0.714286,mir-17-5p:0.516; mir-106a-5p:0.494; mir-34a-5p:0.474,,hsa-mir-200a,0.063456,peso_baseline_positivo
75,mir-200c-3p,MIMAT0000617,UAAUACUGCCGGGUAAUGAUGGA,0.503751,0.546147,0.579852,0.000000,0.857143,mir-155-5p:0.580; mir-1-3p:0.471; mir-200a-3p:0.470,,hsa-mir-200c,0.048693,peso_baseline_positivo
76,mir-450a-5p,MIMAT0001545,UUUUGCGAUGUGUUCCUAAUAU,0.502879,0.587119,0.513529,0.063393,0.714286,mir-373-3p:0.514; mir-155-5p:0.479; mir-10b-5p:0.450,AAUAU; CUAAU,hsa-mir-450a-1; hsa-mir-450a-2,0.054352,peso_baseline_negativo
77,mir-9-5p,MIMAT0000441,UCUUUGGUUAUCUAGCUGUAUGA,0.501056,0.599034,0.577586,0.000000,0.571429,mir-34a-5p:0.578; mir-21-5p:0.570; let-7a-5p:0.464,,hsa-mir-9-1; hsa-mir-9-2; hsa-mir-9-3,0.009527,peso_baseline_negativo
78,mir-29a-3p,MIMAT0000086,UAGCACCAUCUGAAAUCGGUUA,0.500716,0.589405,0.481198,0.000000,0.857143,mir-195-5p:0.481; mir-16-5p:0.461; mir-155-5p:0.443,,hsa-mir-29a,0.029513,peso_baseline_negativo
79,mir-513b-3p,MIMAT0026749,AAAUGUCACCUUUUUGAGAGGA,0.500141,0.568324,0.578201,0.000000,0.714286,mir-1246:0.578; mir-520c-3p:0.564; mir-125a-5p:0.477,,hsa-mir-513b,0.021935,peso_baseline_negativo
80,mir-153-3p,MIMAT0000439,UUGCAUAGUCACAAAAGUGAUC,0.500108,0.610721,0.550417,0.000000,0.571429,mir-106a-5p:0.550; mir-17-5p:0.537; mir-19b-3p:0.536,,hsa-mir-153-1; hsa-mir-153-2,0.029015,peso_baseline_positivo
81,mir-515-3p,MIMAT0002827,GAGUGCCUUCUUUUGGAGCGUU,0.500032,0.557908,0.598596,0.000000,0.714286,mir-520c-3p:0.599; mir-373-3p:0.585; mir-1246:0.577,,hsa-mir-515-1; hsa-mir-515-2,0.002388,peso_baseline_negativo
82,mir-302b-5p,MIMAT0000714,ACUUUAACAUGGAAGUGCUUUC,0.499940,0.583654,0.603881,0.000000,0.571429,mir-520c-3p:0.604; mir-373-3p:0.573; mir-106a-5p:0.482,,hsa-mir-302b,0.011979,peso_baseline_negativo
83,mir-27a-3p,MIMAT0000084,UUCACAGUGGCUAAGUUCCGC,0.499886,0.582401,0.549030,0.000000,0.714286,mir-24-3p:0.549; mir-139-5p:0.502; mir-17-5p:0.494,,hsa-mir-27a,0.064370,peso_baseline_negativo
84,mir-499a-3p,MIMAT0004772,AACAUCACAGCAAGUCUGUGCU,0.499807,0.597839,0.574979,0.000000,0.571429,mir-497-5p:0.575; mir-139-5p:0.536; mir-17-5p:0.527,,hsa-mir-499a,0.014190,peso_baseline_positivo
85,mir-99b-3p,MIMAT0004678,CAAGCUCGUGUCUGUGGGUCCG,0.499081,0.601258,0.565239,0.000000,0.571429,mir-34a-5p:0.565; mir-1307-3p:0.555; mir-139-5p:0.538,,hsa-mir-99b,0.067295,peso_baseline_positivo
86,mir-199b-5p,MIMAT0000263,CCCAGUGUUUAGACUAUCUGUUC,0.498779,0.625982,0.514581,0.000000,0.571429,mir-21-5p:0.515; mir-34a-5p:0.509; mir-139-5p:0.492,,hsa-mir-199b,0.067659,peso_baseline_positivo
87,mir-486-3p,MIMAT0004762,CGGGGCAGCUCAGUACAGGAU,0.498710,0.513234,0.682660,0.000000,0.714286,mir-24-3p:0.683; mir-6861-5p:0.533; mir-6875-5p:0.503,,hsa-mir-486-1; hsa-mir-486-2,0.083203,peso_baseline_positivo
88,mir-526b-5p,MIMAT0002835,CUCUUGAGGGAAGCACUUUCUGU,0.498416,0.577146,0.553660,0.000000,0.714286,mir-25-3p:0.554; mir-520c-3p:0.505; mir-373-3p:0.453,,hsa-mir-526b,0.036038,peso_baseline_positivo
89,mir-892b,MIMAT0004918,CACUGGCUCCUUUCUGGGUAGA,0.498346,0.559405,0.646002,0.000000,0.571429,mir-6861-5p:0.646; mir-520c-3p:0.500; mir-34a-5p:0.474,,hsa-mir-892b,0.005823,peso_baseline_negativo
90,mir-29a-5p,MIMAT0004503,ACUGAUUUCUUUUGGUGUUCAG,0.497333,0.565700,0.629360,0.000000,0.571429,mir-373-3p:0.629; mir-1246:0.549; mir-382-5p:0.532,,hsa-mir-29a,0.029513,peso_baseline_negativo
91,mir-125a-3p,MIMAT0004602,ACAGGUGAGGUUCUUGGGAGCC,0.495290,0.590473,0.571642,0.000000,0.571429,let-7b-5p:0.572; mir-6875-5p:0.563; mir-6861-5p:0.563,,hsa-mir-125a,0.047240,peso_baseline_negativo
92,mir-6715a-3p,MIMAT0025841,CCAAACCAGUCGUGCCUGUGG,0.495103,0.628319,0.552345,0.000000,0.428571,mir-93-5p:0.552; mir-139-5p:0.521; mir-19b-3p:0.480,,hsa-mir-6715a,0.000144,peso_baseline_positivo
93,mir-124-5p,MIMAT0004591,CGUGUUCACAGCGGACCUUGAU,0.494678,0.602838,0.544466,0.000000,0.571429,mir-210-3p:0.544; mir-425-5p:0.477; mir-497-5p:0.463,,hsa-mir-124-1; hsa-mir-124-2; hsa-mir-124-3,0.021121,peso_baseline_negativo
94,mir-196a-3p,MIMAT0004562,CGGCAACAAGAAACUGCCUGAG,0.493215,0.538820,0.552364,0.000000,0.857143,mir-19b-3p:0.552; mir-19a-3p:0.548; mir-191-5p:0.531,,hsa-mir-196a-1; hsa-mir-196a-2,0.045632,peso_baseline_positivo
95,mir-200b-3p,MIMAT0000318,UAAUACUGCCUGGUAAUGAUGA,0.492922,0.549217,0.530399,0.000000,0.857143,mir-200a-3p:0.530; mir-155-5p:0.521; mir-365a-3p:0.459,,hsa-mir-200b,0.069936,peso_baseline_positivo
96,mir-128-3p,MIMAT0000424,UCACAGUGAACCGGUCUCUUU,0.492194,0.560654,0.561754,0.000000,0.714286,mir-139-5p:0.562; mir-25-3p:0.547; mir-205-5p:0.506,,hsa-mir-128-1; hsa-mir-128-2,0.068878,peso_baseline_negativo
97,mir-30e-5p,MIMAT0000692,UGUAAACAUCCUUGACUGGAAG,0.491952,0.612673,0.513892,0.000000,0.571429,mir-1-3p:0.514; mir-206:0.502; mir-200a-3p:0.501,,hsa-mir-30e,0.074767,peso_baseline_positivo
98,mir-29c-5p,MIMAT0004673,UGACCGAUUUCUCCUGGUGUUC,0.491493,0.569697,0.540862,0.000000,0.714286,mir-373-3p:0.541; mir-382-5p:0.541; mir-205-5p:0.500,,hsa-mir-29c,0.065362,peso_baseline_positivo
99,mir-208b-5p,MIMAT0026722,AAGCUUUUUGCUCGAAUUAUGU,0.491438,0.534126,0.554641,0.000000,0.857143,mir-373-3p:0.555; mir-520c-3p:0.523; mir-1246:0.510,,hsa-mir-208b,0.019499,peso_baseline_negativo
100,mir-892c-5p,MIMAT0025857,UAUUCAGAAAGGUGCCAGUCA,0.491366,0.593483,0.549927,0.000000,0.571429,mir-24-3p:0.550; mir-17-5p:0.523; mir-106a-5p:0.519,,hsa-mir-892c,0.006463,peso_baseline_negativo
101,mir-199a-5p,MIMAT0000231,CCCAGUGUUCAGACUACCUGUUC,0.490787,0.603052,0.528473,0.000000,0.571429,mir-139-5p:0.528; mir-223-3p:0.508; mir-125a-5p:0.502,,hsa-mir-199a-1; hsa-mir-199a-2,0.043176,peso_baseline_positivo
102,mir-15a-3p,MIMAT0004488,CAGGCCAUAUUGUGCUGCCUCA,0.490613,0.597660,0.538561,0.000000,0.571429,mir-92a-3p:0.539; mir-31-5p:0.491; mir-93-5p:0.465,,hsa-mir-15a,0.075165,peso_baseline_positivo
103,mir-193a-3p,MIMAT0000459,AACUGGCCUACAAAGUCCCAGU,0.490309,0.584674,0.506171,0.000000,0.714286,mir-191-5p:0.506; mir-145-5p:0.497; mir-139-5p:0.489,,hsa-mir-193a,0.048736,peso_baseline_positivo
104,mir-374b-3p,MIMAT0004956,CUUAGCAGGUUGUAUUAUCAUU,0.490092,0.590424,0.550947,0.000000,0.571429,let-7a-5p:0.551; mir-21-5p:0.519; mir-34a-5p:0.513,,hsa-mir-374b,0.063440,peso_baseline_negativo
105,mir-30b-3p,MIMAT0004589,CUGGGAGGUGGAUGUUUACUUC,0.489857,0.585405,0.560046,0.000000,0.571429,mir-382-5p:0.560; mir-6861-5p:0.555; mir-373-3p:0.552,,hsa-mir-30b,0.014821,peso_baseline_negativo
106,mir-106a-3p,MIMAT0004517,CUGCAAUGUAAGCACUUCUUAC,0.489121,0.587849,0.495074,0.000000,0.714286,mir-19a-3p:0.495; mir-25-3p:0.472; mir-19b-3p:0.459,,hsa-mir-106a,0.079887,peso_baseline_positivo
107,mir-33a-3p,MIMAT0004506,CAAUGUUUCCACAGUGCAUCAC,0.489031,0.583754,0.560046,0.000000,0.571429,mir-139-5p:0.560; mir-497-5p:0.513; mir-17-5p:0.501,,hsa-mir-33a,0.067894,peso_baseline_positivo
108,mir-642a-5p,MIMAT0003312,GUCCCUCUCCAAAUGUGUCUUG,0.489026,0.567186,0.536017,0.000000,0.714286,mir-139-5p:0.536; mir-25-3p:0.527; mir-223-3p:0.508,,hsa-mir-642a,0.010248,peso_baseline_positivo
109,mir-4524a-3p,MIMAT0019063,UGAGACAGGCUUAUGCUGCUAU,0.488737,0.555757,0.557719,0.000000,0.714286,mir-31-5p:0.558; mir-21-5p:0.552; mir-20a-5p:0.461,,hsa-mir-4524a,0.017439,peso_baseline_negativo
110,mir-26a-5p,MIMAT0000082,UUCAAGUAAUCCAGGAUAGGCU,0.487799,0.569877,0.507340,0.030644,0.714286,mir-145-5p:0.507; mir-155-5p:0.498; mir-24-3p:0.490,UAAUC,hsa-mir-26a-1; hsa-mir-26a-2,0.076054,peso_baseline_negativo
111,mir-378a-5p,MIMAT0000731,CUCCUGACUCCAGGUCCUGUGU,0.487724,0.559369,0.546443,0.000000,0.714286,mir-125a-5p:0.546; mir-125b-5p:0.521; mir-139-5p:0.501,,hsa-mir-378a,0.064787,peso_baseline_negativo
112,mir-203a-3p,MIMAT0000264,GUGAAAUGUUUAGGACCACUAG,0.487511,0.628306,0.464860,0.000000,0.571429,mir-21-5p:0.465; mir-10b-5p:0.463; mir-206:0.452,,hsa-mir-203a,0.055886,peso_baseline_positivo
113,mir-30e-3p,MIMAT0000693,CUUUCAGUCGGAUGUUUACAGC,0.487153,0.573587,0.515724,0.000000,0.714286,mir-24-3p:0.516; mir-21-5p:0.471; mir-497-5p:0.448,,hsa-mir-30e,0.074767,peso_baseline_positivo
114,mir-892c-3p,MIMAT0025858,CACUGUUUCCUUUCUGAGUGGA,0.485432,0.588551,0.536056,0.000000,0.571429,mir-520c-3p:0.536; mir-205-5p:0.523; mir-125a-5p:0.515,,hsa-mir-892c,0.006463,peso_baseline_negativo
115,mir-148a-5p,MIMAT0004549,AAAGUUCUGAGACACUCCGACU,0.485265,0.525906,0.546390,0.000000,0.857143,mir-425-5p:0.546; mir-125b-5p:0.501; mir-125a-5p:0.458,,hsa-mir-148a,0.022839,peso_baseline_negativo
116,mir-208a-5p,MIMAT0026474,GAGCUUUUGGCCCGGGUUAUAC,0.485129,0.543714,0.510232,0.000000,0.857143,mir-373-3p:0.510; mir-1246:0.505; mir-520c-3p:0.500,,hsa-mir-208a,0.013518,peso_baseline_negativo
117,mir-135b-5p,MIMAT0000758,UAUGGCUUUUCAUUCCUAUGUGA,0.484128,0.555004,0.483648,0.000000,0.857143,mir-205-5p:0.484; mir-181b-5p:0.479; mir-373-3p:0.463,,hsa-mir-135b,0.036615,peso_baseline_negativo
118,mir-203a-5p,MIMAT0031890,AGUGGUUCUUAACAGUUCAACAGUU,0.483479,0.561678,0.581988,0.000000,0.571429,mir-24-3p:0.582; mir-17-5p:0.518; mir-106a-5p:0.501,,hsa-mir-203a,0.055886,peso_baseline_positivo
119,mir-302a-5p,MIMAT0000683,ACUUAAACGUGGAUGUACUUGCU,0.482951,0.590544,0.522144,0.000000,0.571429,mir-200a-3p:0.522; mir-21-5p:0.445; mir-92a-3p:0.436,,hsa-mir-302a,0.015149,peso_baseline_negativo
120,mir-301b-5p,MIMAT0032026,GCUCUGACGAGGUUGCACUACU,0.482670,0.546674,0.551619,0.000000,0.714286,mir-25-3p:0.552; mir-425-5p:0.439; mir-21-5p:0.437,,hsa-mir-301b,0.024671,peso_baseline_positivo
121,mir-200b-5p,MIMAT0004571,CAUCUUACUGGGCAGCAUUGGA,0.482025,0.561760,0.518868,0.000000,0.714286,mir-195-5p:0.519; mir-497-5p:0.501; mir-31-5p:0.491,,hsa-mir-200b,0.069936,peso_baseline_positivo
122,mir-365a-5p,MIMAT0009199,AGGGACUUUUGGGGGCAGAUGUG,0.481594,0.544612,0.608581,0.000000,0.571429,mir-373-3p:0.609; mir-6861-5p:0.601; mir-1246:0.575,,hsa-mir-365a,0.007144,peso_baseline_positivo
123,let-7g-3p,MIMAT0004584,CUGUACAGGCCACUGCCUUGC,0.481057,0.566263,0.563133,0.000000,0.571429,mir-92a-3p:0.563; mir-497-5p:0.471; mir-210-3p:0.444,,hsa-let-7g,0.073477,peso_baseline_negativo
124,mir-378a-3p,MIMAT0000732,ACUGGACUUGGAGUCAGAAGGC,0.481033,0.562304,0.513809,0.000000,0.714286,mir-6875-5p:0.514; mir-1246:0.482; mir-24-3p:0.462,,hsa-mir-378a,0.064787,peso_baseline_negativo
125,mir-376c-5p,MIMAT0022861,GGUGGAUAUUCCUUCUAUGUU,0.479903,0.545749,0.542399,0.000000,0.714286,mir-382-5p:0.542; mir-205-5p:0.481; mir-373-3p:0.461,,hsa-mir-376c,0.032197,peso_baseline_negativo
126,mir-20a-3p,MIMAT0004493,ACUGCAUUAUGAGCACUUAAAG,0.479816,0.573906,0.485736,0.000000,0.714286,mir-195-5p:0.486; mir-16-5p:0.476; mir-21-5p:0.476,,hsa-mir-20a,0.004262,peso_baseline_positivo
127,mir-148b-5p,MIMAT0004699,AAGUUCUGUUAUACACUCAGGC,0.479503,0.588088,0.513265,0.000000,0.571429,mir-24-3p:0.513; mir-93-5p:0.460; mir-497-5p:0.453,,hsa-mir-148b,0.072547,peso_baseline_negativo
128,mir-486-5p,MIMAT0002177,UCCUGUACUGAGCUGCCCCGAG,0.478559,0.549512,0.586642,0.000000,0.571429,mir-125a-5p:0.587; mir-125b-5p:0.568; mir-92a-3p:0.492,,hsa-mir-486-1; hsa-mir-486-2,0.083203,peso_baseline_positivo
129,mir-4524a-5p,MIMAT0019062,AUAGCAGCAUGAACCUGUCUCA,0.478325,0.596847,0.548178,0.000000,0.428571,mir-195-5p:0.548; mir-497-5p:0.520; mir-24-3p:0.507,,hsa-mir-4524a,0.017439,peso_baseline_negativo
130,mir-520a-5p,MIMAT0002833,CUCCAGAGGGAAGUACUUUCU,0.477188,0.533623,0.555792,0.000000,0.714286,mir-520c-3p:0.556; mir-145-5p:0.483; mir-6875-5p:0.463,,hsa-mir-520a,0.013289,peso_baseline_positivo
131,mir-514a-5p,MIMAT0022702,UACUCUGGAGAGUGACAAUCAUG,0.476935,0.572470,0.477084,0.000000,0.714286,mir-425-5p:0.477; mir-21-5p:0.467; mir-6875-5p:0.424,,hsa-mir-514a-1; hsa-mir-514a-2; hsa-mir-514a-3,0.024665,peso_baseline_negativo
132,mir-146b-5p,MIMAT0002809,UGAGAACUGAAUUCCAUAGGCUG,0.476432,0.595621,0.485913,0.000000,0.571429,mir-21-5p:0.486; mir-125b-5p:0.469; mir-10b-5p:0.464,,hsa-mir-146b,0.079121,peso_baseline_positivo
133,mir-33a-5p,MIMAT0000091,GUGCAUUGUAGUUGCAUUGCA,0.476298,0.554005,0.511465,0.000000,0.714286,mir-25-3p:0.511; mir-92a-3p:0.499; mir-181b-5p:0.498,,hsa-mir-33a,0.067894,peso_baseline_positivo
134,mir-135a-5p,MIMAT0000428,UAUGGCUUUUUAUUCCUAUGUGA,0.475590,0.527645,0.504215,0.000000,0.857143,mir-520c-3p:0.504; mir-1246:0.476; mir-373-3p:0.471,,hsa-mir-135a-1; hsa-mir-135a-2,0.041233,peso_baseline_negativo
135,mir-208a-3p,MIMAT0000241,AUAAGACGAGCAAAAAGCUUGU,0.475192,0.536099,0.600000,0.000000,0.571429,mir-191-5p:0.600; mir-19a-3p:0.510; mir-19b-3p:0.499,,hsa-mir-208a,0.013518,peso_baseline_negativo
136,mir-550a-5p,MIMAT0004800,AGUGCCUGAGGGAGUAAGAGCCC,0.475172,0.569557,0.533002,0.000000,0.571429,mir-6875-5p:0.533; mir-520c-3p:0.477; mir-20a-5p:0.462,,hsa-mir-550a-1; hsa-mir-550a-2; hsa-mir-550a-3,0.029221,peso_baseline_positivo
137,mir-23b-5p,MIMAT0004587,UGGGUUCCUGGCAUGCUGAUUU,0.474770,0.591853,0.543943,0.000000,0.428571,mir-181b-5p:0.544; mir-373-3p:0.543; mir-31-5p:0.541,,hsa-mir-23b,0.063851,peso_baseline_negativo
138,mir-551b-5p,MIMAT0004794,GAAAUCAAGCGUGGGUGAGACC,0.474527,0.601080,0.467377,0.000000,0.571429,mir-206:0.467; mir-191-5p:0.447; mir-210-3p:0.444,,hsa-mir-551b,0.003802,peso_baseline_negativo
139,mir-18a-3p,MIMAT0002891,ACUGCCCUAAGUGCUCCUUCUGG,0.474302,0.565641,0.537355,0.000000,0.571429,mir-125b-5p:0.537; mir-125a-5p:0.505; mir-520c-3p:0.493,,hsa-mir-18a,0.017353,peso_baseline_negativo
140,mir-135b-3p,MIMAT0004698,AUGUAGGGCUAAAAGCCAUGGG,0.474011,0.560168,0.547137,0.000000,0.571429,mir-6861-5p:0.547; mir-155-5p:0.509; mir-1-3p:0.507,,hsa-mir-135b,0.036615,peso_baseline_negativo
141,mir-513a-3p,MIMAT0004777,UAAAUUUCACCUUUCUGAGAAGG,0.472836,0.541458,0.522713,0.000000,0.714286,mir-520c-3p:0.523; mir-125a-5p:0.481; mir-205-5p:0.455,,hsa-mir-513a-1; hsa-mir-513a-2,0.004294,peso_baseline_negativo
142,mir-365b-5p,MIMAT0022833,AGGGACUUUCAGGGGCAGCUGU,0.472686,0.537180,0.587814,0.000000,0.571429,mir-6861-5p:0.588; mir-24-3p:0.556; mir-6875-5p:0.521,,hsa-mir-365b,0.018430,peso_baseline_positivo
143,mir-3622a-3p,MIMAT0018004,UCACCUGACCUCCCAUGCCUGU,0.471688,0.502453,0.653273,0.000000,0.571429,mir-125a-5p:0.653; mir-125b-5p:0.573; mir-92a-3p:0.521,,hsa-mir-3622a,0.040159,peso_baseline_negativo
144,mir-124-3p,MIMAT0000422,UAAGGCACGCGGUGAAUGCCAA,0.468690,0.559377,0.470291,0.000000,0.714286,mir-191-5p:0.470; mir-31-5p:0.462; mir-16-5p:0.461,,hsa-mir-124-1; hsa-mir-124-2; hsa-mir-124-3,0.021121,peso_baseline_negativo
145,mir-219a-5p,MIMAT0000276,UGAUUGUCCAAACGCAAUUCU,0.467872,0.552570,0.537774,0.000000,0.571429,mir-19b-3p:0.538; mir-19a-3p:0.507; mir-191-5p:0.480,,hsa-mir-219a-2,0.021073,peso_baseline_negativo
146,mir-190b-5p,MIMAT0004929,UGAUAUGUUUGAUAUUGGGUUG,0.467244,0.533987,0.515289,0.000000,0.714286,mir-21-5p:0.515; mir-155-5p:0.504; mir-373-3p:0.504,,hsa-mir-190b,0.020255,peso_baseline_positivo
147,mir-135a-3p,MIMAT0004595,UAUAGGGAUUGGAGCCGUGGCG,0.466685,0.543371,0.551426,0.000000,0.571429,mir-1246:0.551; mir-155-5p:0.474; mir-16-5p:0.467,,hsa-mir-135a-1; hsa-mir-135a-2,0.041233,peso_baseline_negativo
148,mir-642a-3p,MIMAT0020924,AGACACAUUUGGAGAGGGAACC,0.466581,0.494647,0.648460,0.000000,0.571429,mir-6875-5p:0.648; mir-1246:0.541; mir-10b-5p:0.397,,hsa-mir-642a,0.010248,peso_baseline_positivo
149,mir-30a-5p,MIMAT0000087,UGUAAACAUCCUCGACUGGAAG,0.466519,0.565355,0.506793,0.000000,0.571429,mir-200a-3p:0.507; mir-1-3p:0.493; mir-206:0.465,,hsa-mir-30a,0.081497,peso_baseline_positivo
150,mir-133b,MIMAT0000770,UUUGGUCCCCUUCAACCAGCUA,0.465839,0.557983,0.575961,0.000000,0.428571,mir-145-5p:0.576; mir-205-5p:0.514; mir-125a-5p:0.503,,hsa-mir-133b,0.040897,peso_baseline_negativo
151,mir-181a-3p,MIMAT0000270,ACCAUCGACCGUUGAUUGUACC,0.465535,0.527132,0.559657,0.032749,0.571429,mir-451a:0.560; mir-425-5p:0.536; mir-10b-5p:0.523,GUUGA,hsa-mir-181a-1; hsa-mir-181a-2,0.092961,peso_baseline_positivo
152,mir-34a-3p,MIMAT0004557,CAAUCAGCAAGUAUACUGCCCU,0.464553,0.568345,0.492950,0.000000,0.571429,mir-191-5p:0.493; mir-195-5p:0.466; mir-19a-3p:0.450,,hsa-mir-34a,0.093869,peso_baseline_positivo
153,mir-301a-5p,MIMAT0022696,GCUCUGACUUUAUUGCACUACU,0.464314,0.496591,0.578360,0.000000,0.714286,mir-25-3p:0.578; mir-92a-3p:0.520; mir-21-5p:0.475,,hsa-mir-301a,0.035210,peso_baseline_positivo
154,mir-181b-3p,MIMAT0022692,CUCACUGAACAAUGAAUGCAA,0.464194,0.504348,0.619508,0.000000,0.571429,mir-19b-3p:0.620; mir-19a-3p:0.616; mir-425-5p:0.496,,hsa-mir-181b-1; hsa-mir-181b-2,0.093344,peso_baseline_positivo
155,mir-30d-5p,MIMAT0000245,UGUAAACAUCCCCGACUGGAAG,0.463542,0.571204,0.483190,0.000000,0.571429,mir-1-3p:0.483; mir-191-5p:0.480; mir-10b-5p:0.477,,hsa-mir-30d,0.090097,peso_baseline_positivo
156,mir-219b-5p,MIMAT0019747,AGAUGUCCAGCCACAAUUCUCG,0.462312,0.536479,0.490573,0.000000,0.714286,mir-205-5p:0.491; mir-145-5p:0.490; mir-139-5p:0.481,,hsa-mir-219b,0.000226,peso_baseline_negativo
157,mir-130b-5p,MIMAT0004680,ACUCUUUCCCUGUUGCACUAC,0.461847,0.539849,0.596264,0.000000,0.428571,mir-92a-3p:0.596; mir-25-3p:0.537; mir-125a-5p:0.522,,hsa-mir-130b,0.019516,peso_baseline_positivo
158,mir-1269a,MIMAT0005923,CUGGACUGAGCCGUGCUACUGG,0.461508,0.546883,0.523693,0.000000,0.571429,mir-210-3p:0.524; mir-125b-5p:0.455; mir-21-5p:0.453,,hsa-mir-1269a,0.030939,peso_baseline_positivo
159,mir-4662a-3p,MIMAT0019732,AAAGAUAGACAAUUGGCUAAAU,0.460722,0.521570,0.514035,0.000000,0.714286,mir-195-5p:0.514; mir-16-5p:0.487; mir-365a-3p:0.487,,hsa-mir-4662a,0.052511,peso_baseline_positivo
160,mir-3622a-5p,MIMAT0018003,CAGGCACGGGAGCUCAGGUGAG,0.460575,0.532117,0.606639,0.000000,0.428571,mir-24-3p:0.607; mir-6875-5p:0.574; mir-6861-5p:0.536,,hsa-mir-3622a,0.040159,peso_baseline_negativo
161,mir-550a-3p,MIMAT0003257,UGUCUUACUCCCUCAGGCACAU,0.459714,0.547280,0.515724,0.000000,0.571429,mir-139-5p:0.516; mir-25-3p:0.500; mir-205-5p:0.471,,hsa-mir-550a-1; hsa-mir-550a-2; hsa-mir-550a-3,0.029221,peso_baseline_positivo
162,mir-374a-3p,MIMAT0004688,CUUAUCAGAUUGUAUUGUAAUU,0.459340,0.536945,0.534898,0.000000,0.571429,mir-21-5p:0.535; mir-1-3p:0.482; let-7a-5p:0.435,,hsa-mir-374a,0.036882,peso_baseline_negativo
163,mir-513c-3p,MIMAT0022728,UAAAUUUCACCUUUCUGAGAAGA,0.458762,0.524320,0.500694,0.000000,0.714286,mir-520c-3p:0.501; mir-125a-5p:0.499; mir-205-5p:0.443,,hsa-mir-513c,0.001227,peso_baseline_positivo
164,mir-515-5p,MIMAT0002826,UUCUCCAAAAGAAAGCACUUUCUG,0.458294,0.509424,0.585759,0.000000,0.571429,mir-191-5p:0.586; mir-19b-3p:0.469; mir-19a-3p:0.465,,hsa-mir-515-1; hsa-mir-515-2,0.002388,peso_baseline_negativo
165,mir-513c-5p,MIMAT0005789,UUCUCAAGGAGGUGUCGUUUAU,0.457626,0.576122,0.506832,0.000000,0.428571,mir-382-5p:0.507; let-7b-5p:0.482; mir-373-3p:0.479,,hsa-mir-513c,0.001227,peso_baseline_positivo
166,mir-513b-5p,MIMAT0005788,UUCACAAGGAGGUGUCAUUUAU,0.456061,0.566930,0.518954,0.000000,0.428571,mir-181b-5p:0.519; mir-223-3p:0.460; mir-373-3p:0.439,,hsa-mir-513b,0.021935,peso_baseline_negativo
167,mir-208b-3p,MIMAT0004960,AUAAGACGAACAAAAGGUUUGU,0.456034,0.556260,0.483046,0.000000,0.571429,mir-191-5p:0.483; mir-1-3p:0.460; mir-106a-5p:0.439,,hsa-mir-208b,0.019499,peso_baseline_negativo
168,mir-193a-5p,MIMAT0004614,UGGGUCUUUGCGGGCGAGAUGA,0.454539,0.527393,0.534801,0.000000,0.571429,mir-373-3p:0.535; mir-6861-5p:0.468; mir-4634:0.454,,hsa-mir-193a,0.048736,peso_baseline_positivo
169,mir-371a-5p,MIMAT0004687,ACUCAAACUGUGGGGGCACU,0.454305,0.499587,0.589474,0.000000,0.571429,mir-6861-5p:0.589; mir-497-5p:0.449; mir-19a-3p:0.445,,hsa-mir-371a,0.002486,peso_baseline_positivo
170,mir-193b-3p,MIMAT0002819,AACUGGCCCUCAAAGUCCCGCU,0.454114,0.523808,0.483126,0.000000,0.714286,mir-191-5p:0.483; mir-92a-3p:0.467; mir-125b-5p:0.452,,hsa-mir-193b,0.003869,peso_baseline_positivo
171,mir-520c-5p,MIMAT0005455,CUCUAGAGGGAAGCACUUUCUG,0.454041,0.527429,0.532734,0.000000,0.571429,mir-520c-3p:0.533; mir-25-3p:0.454; mir-24-3p:0.401,,hsa-mir-520c,0.002799,peso_baseline_negativo
172,mir-130a-5p,MIMAT0004593,GCUCUUUUCACAUUGUGCUACU,0.454037,0.532634,0.522308,0.000000,0.571429,mir-25-3p:0.522; mir-181b-5p:0.483; mir-520c-3p:0.447,,hsa-mir-130a,0.010524,peso_baseline_positivo
173,mir-9-3p,MIMAT0000442,AUAAAGCUAGAUAACCGAAAGU,0.453294,0.482994,0.485941,0.030644,0.857143,mir-1-3p:0.486; mir-20a-5p:0.473; mir-191-5p:0.472,CCGAA,hsa-mir-9-1; hsa-mir-9-2; hsa-mir-9-3,0.009527,peso_baseline_negativo
174,mir-513a-5p,MIMAT0002877,UUCACAGGGAGGUGUCAU,0.452123,0.531608,0.516705,0.000000,0.571429,mir-6875-5p:0.517; mir-24-3p:0.510; mir-181b-5p:0.496,,hsa-mir-513a-1; hsa-mir-513a-2,0.004294,peso_baseline_negativo
175,mir-487a-3p,MIMAT0002178,AAUCAUACAGGGACAUCCAGUU,0.451726,0.510271,0.500648,0.000000,0.714286,mir-24-3p:0.501; mir-145-5p:0.499; mir-6875-5p:0.494,,hsa-mir-487a,0.027213,peso_baseline_negativo
176,mir-487b-3p,MIMAT0003180,AAUCGUACAGGGUCAUCCACUU,0.450936,0.530763,0.456504,0.000000,0.714286,mir-205-5p:0.457; mir-139-5p:0.449; mir-145-5p:0.434,,hsa-mir-487b,0.049733,peso_baseline_negativo
177,mir-302d-5p,MIMAT0004685,ACUUUAACAUGGAGGCACUUGC,0.450127,0.545402,0.481132,0.000000,0.571429,mir-1246:0.481; mir-25-3p:0.463; mir-92a-3p:0.462,,hsa-mir-302d,0.012170,peso_baseline_negativo
178,mir-19a-5p,MIMAT0004490,AGUUUUGCAUAGUUGCACUACA,0.448409,0.559031,0.504145,0.000000,0.428571,mir-497-5p:0.504; mir-92a-3p:0.455; mir-17-5p:0.453,,hsa-mir-19a,0.034143,peso_baseline_negativo
179,mir-216b-3p,MIMAT0026721,ACACACUUACCCGUAGAGAUUCUA,0.447102,0.504783,0.493129,0.000000,0.714286,mir-99a-5p:0.493; mir-451a:0.484; mir-425-5p:0.462,,hsa-mir-216b,0.031178,peso_baseline_negativo
180,mir-99a-3p,MIMAT0004511,CAAGCUCGCUUCUAUGGGUCUG,0.446838,0.515457,0.527868,0.000000,0.571429,mir-25-3p:0.528; mir-34a-5p:0.451; mir-181b-5p:0.433,,hsa-mir-99a,0.074551,peso_baseline_negativo
181,mir-4662a-5p,MIMAT0019731,UUAGCCAAUUGUCCAUCUUUAG,0.445836,0.546068,0.462636,0.000000,0.571429,mir-145-5p:0.463; mir-520c-3p:0.459; mir-223-3p:0.448,,hsa-mir-4662a,0.052511,peso_baseline_positivo
182,mir-512-5p,MIMAT0002822,CACUCAGCCUUGAGGGCACUUUC,0.445294,0.528292,0.496020,0.000000,0.571429,mir-24-3p:0.496; mir-25-3p:0.483; mir-497-5p:0.475,,hsa-mir-512-1; hsa-mir-512-2,0.010599,peso_baseline_positivo
183,mir-376c-3p,MIMAT0000720,AACAUAGAGGAAAUUCCACGU,0.445192,0.526210,0.442635,0.000000,0.714286,mir-191-5p:0.443; mir-195-5p:0.430; mir-205-5p:0.420,,hsa-mir-376c,0.032197,peso_baseline_negativo
184,mir-519c-5p,MIMAT0002831,CUCUAGAGGGAAGCGCUUUCUG,0.444934,0.497805,0.555556,0.000000,0.571429,mir-520c-3p:0.556; mir-373-3p:0.395; mir-31-5p:0.395,,hsa-mir-519c,0.009314,peso_baseline_negativo
185,mir-519b-5p,MIMAT0005454,CUCUAGAGGGAAGCGCUUUCUG,0.444934,0.497805,0.555556,0.000000,0.571429,mir-520c-3p:0.556; mir-373-3p:0.395; mir-31-5p:0.395,,hsa-mir-519b,0.010297,peso_baseline_negativo
186,mir-518e-5p,MIMAT0005450,CUCUAGAGGGAAGCGCUUUCUG,0.444934,0.497805,0.555556,0.000000,0.571429,mir-520c-3p:0.556; mir-373-3p:0.395; mir-31-5p:0.395,,hsa-mir-518e,0.000035,peso_baseline_negativo
187,mir-519a-5p,MIMAT0005452,CUCUAGAGGGAAGCGCUUUCUG,0.444934,0.497805,0.555556,0.000000,0.571429,mir-520c-3p:0.556; mir-373-3p:0.395; mir-31-5p:0.395,,hsa-mir-519a-1; hsa-mir-519a-2,0.013600,peso_baseline_positivo
188,mir-519e-5p,MIMAT0002828,UUCUCCAAAAGGGAGCACUUUC,0.444040,0.514663,0.518262,0.000000,0.571429,mir-191-5p:0.518; mir-520c-3p:0.500; mir-205-5p:0.458,,hsa-mir-519e,0.003974,peso_baseline_positivo
189,let-7c-3p,MIMAT0026472,CUGUACAACCUUCUAGCUUUCC,0.443108,0.529039,0.485782,0.000000,0.571429,mir-125a-5p:0.486; mir-520c-3p:0.481; mir-205-5p:0.477,,hsa-let-7c,0.095136,peso_baseline_positivo
190,mir-190b-3p,MIMAT0037332,ACUAAAUGUCAAACAUAUUCU,0.441952,0.504044,0.531148,0.000000,0.571429,mir-19a-3p:0.531; mir-365a-3p:0.506; mir-19b-3p:0.495,,hsa-mir-190b,0.020255,peso_baseline_positivo
191,mir-193b-5p,MIMAT0004767,CGGGGUUUUGAGGGCGAGAUGA,0.441066,0.491836,0.552020,0.000000,0.571429,mir-373-3p:0.552; mir-1246:0.520; mir-6875-5p:0.487,,hsa-mir-193b,0.003869,peso_baseline_positivo
192,mir-551b-3p,MIMAT0003233,GCGACCCAUACUUGGUUUCAG,0.440013,0.561032,0.466560,0.000000,0.428571,mir-223-3p:0.467; mir-451a:0.436; mir-145-5p:0.431,,hsa-mir-551b,0.003802,peso_baseline_negativo
193,mir-30b-5p,MIMAT0000420,UGUAAACAUCCUACACUCAGCU,0.439912,0.529265,0.472546,0.000000,0.571429,mir-200a-3p:0.473; mir-139-5p:0.458; mir-24-3p:0.449,,hsa-mir-30b,0.014821,peso_baseline_negativo
194,mir-30c-5p,MIMAT0000244,UGUAAACAUCCUACACUCUCAGC,0.439824,0.517245,0.496237,0.000000,0.571429,mir-139-5p:0.496; mir-200a-3p:0.469; mir-24-3p:0.446,,hsa-mir-30c-1; hsa-mir-30c-2,0.089772,peso_baseline_positivo
195,let-7i-3p,MIMAT0004585,CUGCGCAAGCUACUGCCUUGCU,0.439025,0.481741,0.506904,0.000000,0.714286,mir-31-5p:0.507; mir-92a-3p:0.450; mir-210-3p:0.433,,hsa-let-7i,0.078986,peso_baseline_negativo
196,mir-520d-5p,MIMAT0002855,CUACAAAGGGAAGCCCUUUC,0.437493,0.504259,0.512881,0.000000,0.571429,mir-520c-3p:0.513; mir-191-5p:0.487; mir-365a-3p:0.423,,hsa-mir-520d,0.012082,peso_baseline_positivo
197,mir-23a-3p,MIMAT0000078,AUCACAUUGCCAGGGAUUUCC,0.436263,0.507119,0.502241,0.000000,0.571429,mir-145-5p:0.502; mir-1246:0.495; mir-181b-5p:0.492,,hsa-mir-23a,0.082027,peso_baseline_positivo
198,mir-3180-3p,MIMAT0015058,UGGGGCGGAGCUUCCGGAGGCC,0.436114,0.433742,0.591257,0.000000,0.714286,mir-4634:0.591; mir-6861-5p:0.543; mir-6875-5p:0.452,,hsa-mir-3180-1; hsa-mir-3180-2; hsa-mir-3180-3; hsa-mir-3180-4; hsa-mir-3180-5,0.029567,peso_baseline_negativo
199,mir-376a-3p,MIMAT0000729,AUCAUAGAGGAAAAUCCACGU,0.435396,0.507528,0.497955,0.000000,0.571429,mir-191-5p:0.498; mir-19b-3p:0.451; mir-365a-3p:0.444,,hsa-mir-376a-1; hsa-mir-376a-2,0.032749,peso_baseline_negativo
200,mir-329-3p,MIMAT0001629,AACACACCUGGUUAACCUCUUU,0.433365,0.486451,0.531988,0.000000,0.571429,mir-125a-5p:0.532; mir-200a-3p:0.496; mir-451a:0.453,,hsa-mir-329-1; hsa-mir-329-2,0.059428,peso_baseline_negativo
201,mir-129-5p,MIMAT0000242,CUUUUUGCGGUCUGGGCUUGC,0.432397,0.495183,0.567792,0.000000,0.428571,mir-373-3p:0.568; mir-25-3p:0.544; mir-520c-3p:0.507,,hsa-mir-129-1; hsa-mir-129-2,0.025342,peso_baseline_negativo
202,mir-551a,MIMAT0003214,GCGACCCACUCUUGGUUUCCA,0.430697,0.517939,0.515484,0.000000,0.428571,mir-205-5p:0.515; mir-145-5p:0.513; mir-425-5p:0.448,,hsa-mir-551a,0.002753,peso_baseline_positivo
203,mir-15b-3p,MIMAT0004586,CGAAUCAUUAUUUGCUGCUCUA,0.430415,0.509665,0.473757,0.000000,0.571429,mir-181b-5p:0.474; mir-25-3p:0.441; mir-21-5p:0.430,,hsa-mir-15b,0.005622,peso_baseline_positivo
204,mir-374b-5p,MIMAT0004955,AUAUAAUACAACCUGCUAAGUG,0.430288,0.528381,0.492962,0.000000,0.428571,mir-20a-5p:0.493; mir-155-5p:0.483; mir-365a-3p:0.471,,hsa-mir-374b,0.063440,peso_baseline_negativo
205,mir-329-5p,MIMAT0026555,GAGGUUUUCUGGGUUUCUGUUUC,0.429921,0.460067,0.513835,0.000000,0.714286,mir-373-3p:0.514; mir-520c-3p:0.487; mir-382-5p:0.455,,hsa-mir-329-1; hsa-mir-329-2,0.059428,peso_baseline_negativo
206,mir-92b-5p,MIMAT0004792,AGGGACGGGACGCGGUGCAGUG,0.429577,0.491176,0.507385,0.000000,0.571429,mir-6875-5p:0.507; mir-4634:0.489; mir-6861-5p:0.471,,hsa-mir-92b,0.016474,peso_baseline_negativo
207,mir-374a-5p,MIMAT0000727,UUAUAAUACAACCUGAUAAGUG,0.428770,0.534503,0.474644,0.000000,0.428571,mir-155-5p:0.475; mir-20a-5p:0.469; mir-365a-3p:0.447,,hsa-mir-374a,0.036882,peso_baseline_negativo
208,mir-34c-3p,MIMAT0004677,AAUCACUAACCACACGGCCAGG,0.422566,0.458486,0.469192,0.030644,0.714286,mir-425-5p:0.469; mir-191-5p:0.424; mir-24-3p:0.384,CUAAC,hsa-mir-34c,0.003213,peso_baseline_negativo
209,mir-376a-5p,MIMAT0003386,GUAGAUUCUCCUUCUAUGAGUA,0.422560,0.513788,0.491234,0.000000,0.428571,mir-205-5p:0.491; mir-520c-3p:0.442; mir-99a-5p:0.441,,hsa-mir-376a-1; hsa-mir-376a-2,0.032749,peso_baseline_negativo
210,mir-23b-3p,MIMAT0000418,AUCACAUUGCCAGGGAUUACCAC,0.422077,0.503982,0.451770,0.000000,0.571429,mir-451a:0.452; mir-181b-5p:0.444; mir-425-5p:0.421,,hsa-mir-23b,0.063851,peso_baseline_negativo
211,let-7d-3p,MIMAT0004484,CUAUACGACCUGCUGCCUUUCU,0.421490,0.469657,0.518074,0.000000,0.571429,mir-125a-5p:0.518; mir-125b-5p:0.449; mir-92a-3p:0.438,,hsa-let-7d,0.035273,peso_baseline_negativo
212,mir-520f-5p,MIMAT0026609,CCUCUAAAGGGAAGCGCUUUCU,0.420903,0.475216,0.504608,0.000000,0.571429,mir-520c-3p:0.505; mir-191-5p:0.409; mir-365a-3p:0.387,,hsa-mir-520f,0.019584,peso_baseline_positivo
213,mir-3180,MIMAT0018178,UGGGGCGGAGCUUCCGGAG,0.418772,0.422397,0.544581,0.000000,0.714286,mir-4634:0.545; mir-6861-5p:0.517; mir-6875-5p:0.432,,hsa-mir-3180-1; hsa-mir-3180-2; hsa-mir-3180-3; hsa-mir-3180-4; hsa-mir-3180-5,0.029567,peso_baseline_negativo
214,mir-23a-5p,MIMAT0004496,GGGGUUCCUGGGGAUGGGAUUU,0.406017,0.418408,0.615822,0.000000,0.428571,mir-6861-5p:0.616; mir-373-3p:0.555; mir-1246:0.504,,hsa-mir-23a,0.082027,peso_baseline_positivo
215,mir-3180-5p,MIMAT0015057,CUUCCAGACGCUCCGCCCCACGUCG,0.403595,0.439282,0.507244,0.000000,0.571429,mir-145-5p:0.507; mir-205-5p:0.506; mir-139-5p:0.438,,hsa-mir-3180-1; hsa-mir-3180-2; hsa-mir-3180-3; hsa-mir-3180-4; hsa-mir-3180-5,0.029567,peso_baseline_negativo
216,let-7b-3p,MIMAT0004482,CUAUACAACCUACUGCCUUCCC,0.399301,0.456018,0.513738,0.000000,0.428571,mir-125a-5p:0.514; mir-125b-5p:0.496; mir-365a-3p:0.471,,hsa-let-7b,0.020593,peso_baseline_positivo
217,mir-323b-3p,MIMAT0015050,CCCAAUACACGGUCGACCUCUU,0.398249,0.474815,0.471940,0.000000,0.428571,mir-425-5p:0.472; mir-205-5p:0.432; mir-223-3p:0.418,,hsa-mir-323b,0.067905,peso_baseline_positivo
218,mir-514b-5p,MIMAT0015087,UUCUCAAGAGGGAGGCAAUCAU,0.396807,0.466524,0.482753,0.000000,0.428571,mir-31-5p:0.483; mir-6875-5p:0.466; mir-24-3p:0.463,,hsa-mir-514b,0.010140,peso_baseline_negativo
219,let-7e-3p,MIMAT0004485,CUAUACGGCCUCCUAGCUUUCC,0.394038,0.451223,0.445132,0.000000,0.571429,mir-92a-3p:0.445; mir-205-5p:0.418; mir-520c-3p:0.415,,hsa-let-7e,0.083261,peso_baseline_positivo
220,let-7a-3p,MIMAT0004481,CUAUACAAUCUACUGUCUUUC,0.392714,0.472442,0.454545,0.000000,0.428571,mir-25-3p:0.455; mir-200a-3p:0.450; mir-139-5p:0.437,,hsa-let-7a-1; hsa-let-7a-2; hsa-let-7a-3,0.092515,peso_baseline_positivo
221,mir-1-5p,MIMAT0031892,ACAUACUUCUUUAUAUGCCCAU,0.392166,0.456089,0.427915,0.000000,0.571429,mir-365a-3p:0.428; mir-451a:0.390; mir-92a-3p:0.383,,hsa-mir-1-1; hsa-mir-1-2,0.072331,peso_baseline_negativo